ㄚ-ㄚ-ㄞ-ㄚ-ㄢ,a-a-ai-a-an,a-a-ai-a-an
ㄞ-ㄞ-ㄢ-ㄚ-ㄈㄚ,ai-ai-an-a-fa,ai-ai-an-a-fa
ㄢ-ㄞ-ㄈㄚ-ㄈㄢ-ㄢ,an-ai-fa-fan-an,an-ai-fa-fan-an
ㄈㄚ-ㄈㄟ-ㄚ-ㄈㄧ-ㄈㄢ,fa-feɪ-a-fi-fan,fa-fei-a-fi-fan
ㄈㄢ-ㄈㄚ-ㄈㄨ-ㄚ-ㄈㄤ,fan-fa-fu-a-fɑŋ,fan-fa-fu-a-fang
ㄈㄟ-ㄞ-ㄈㄟ-ㄢ-ㄈㄢ,feɪ-ai-feɪ-an-fan,fei-ai-fei-an-fan
ㄈㄧ-ㄈㄧ-ㄈㄨ-ㄞ-ㄈㄤ,fi-fi-fu-ai-fɑŋ,fi-fi-fu-ai-fang
ㄈㄨ-ㄢ-ㄈㄟ-ㄈㄚ-ㄈㄛ,fu-an-feɪ-fa-fɔ,fu-an-fei-fa-fo
ㄈㄤ-ㄚ-ㄈㄣ-ㄈㄧ-ㄈㄛ,fɑŋ-a-fən-fi-fɔ,fang-a-fen-fi-fo
ㄈㄛ-ㄚ-ㄈㄡ-ㄚ-ㄈㄜ,fɔ-a-fɤʊ-a-fɯʌ,fo-a-fou-a-fe
ㄈㄣ-ㄈㄨ-ㄈㄚ-ㄈㄥ-ㄞ,fən-fu-fa-fʊŋ-ai,fen-fu-fa-feng-ai
ㄈㄡ-ㄞ-ㄈㄣ-ㄈㄤ-ㄢ,fɤʊ-ai-fən-fɑŋ-an,fou-ai-fen-fang-an
ㄈㄜ-ㄚ-ㄧ-ㄈㄡ-ㄢ,fɯʌ-a-i-fɤʊ-an,fe-a-yi-fou-an
ㄈㄥ-ㄈㄚ-ㄧㄚ-ㄧㄞ-ㄈㄢ,fʊŋ-fa-ia-iaɪ-fan,feng-fa-ya-yai-fan
ㄧ-ㄈㄜ-ㄞ-ㄈㄥ-ㄈㄢ,i-fɯʌ-ai-fʊŋ-fan,yi-fe-ai-feng-fan
ㄧㄚ-ㄧㄥ-ㄈㄟ-ㄈㄟ-ㄈㄧ,ia-iŋ-feɪ-feɪ-fi,ya-ying-fei-fei-fi
ㄧㄞ-ㄈㄨ-ㄈㄢ-ㄈㄛ-ㄞ,iaɪ-fu-fan-fɔ-ai,yai-fu-fan-fo-ai
ㄧㄥ-ㄈㄧ-ㄧ-ㄧㄚ-ㄧㄤ,iŋ-fi-i-ia-iɑŋ,ying-fi-yi-ya-yang
ㄧㄤ-ㄈㄨ-ㄈㄟ-ㄈㄤ-ㄈㄤ,iɑŋ-fu-feɪ-fɑŋ-fɑŋ,yang-fu-fei-fang-fang
ㄧㄠ-ㄈㄚ-ㄧㄠ-ㄈㄢ-ㄈㄣ,iɑʊ-fa-iɑʊ-fan-fən,yao-fa-yao-fan-fen
ㄧㄛ-ㄢ-ㄈㄡ-ㄈㄟ-ㄈㄛ,iɔ-an-fɤʊ-feɪ-fɔ,yo-an-fou-fei-fo
ㄧㄝ-ㄚ-ㄧㄛ-ㄈㄚ-ㄧㄝ,iɛ-a-iɔ-fa-iɛ,ye-a-yo-fa-ye
ㄧㄢ-ㄈㄜ-ㄢ-ㄈㄥ-ㄈㄛ,iɛn-fɯʌ-an-fʊŋ-fɔ,yan-fe-an-feng-fo
ㄧㄡ-ㄈㄧ-ㄧㄞ-ㄈㄣ-ㄧ,iɤu-fi-iaɪ-fən-i,you-fi-yai-fen-yi
ㄍㄚ-ㄧㄢ-ㄧㄚ-ㄧㄡ-ㄈㄨ,ka-iɛn-ia-iɤu-fu,ga-yan-ya-you-fu
ㄍㄞ-ㄈㄡ-ㄈㄧ-ㄧㄥ-ㄈㄣ,kaɪ-fɤʊ-fi-iŋ-fən,gai-fou-fi-ying-fen
ㄍㄟ-ㄈㄜ-ㄈㄚ-ㄍㄚ-ㄍㄞ,keɪ-fɯʌ-fa-ka-kaɪ,gei-fe-fa-ga-gai
ㄍㄨ-ㄈㄤ-ㄈㄡ-ㄈㄨ-ㄈㄛ,ku-fɑŋ-fɤʊ-fu-fɔ,gu-fang-fou-fu-fo
ㄍㄢ-ㄧㄞ-ㄈㄥ-ㄈㄜ-ㄈㄢ,kɑn-iaɪ-fʊŋ-fɯʌ-fan,gan-yai-feng-fe-fan
ㄍㄤ-ㄈㄥ-ㄧ-ㄧㄤ-ㄧㄚ,kɑŋ-fʊŋ-i-iɑŋ-ia,gang-feng-yi-yang-ya
ㄍㄠ-ㄈㄤ-ㄧㄞ-ㄧ-ㄧㄠ,kɑʊ-fɑŋ-iaɪ-i-iɑʊ,gao-fang-yai-yi-yao
ㄍㄣ-ㄧㄥ-ㄧㄥ-ㄧㄤ-ㄧㄠ,kən-iŋ-iŋ-iɑŋ-iɑʊ,gen-ying-ying-yang-yao
ㄍㄥ-ㄧㄛ-ㄈㄢ-ㄧㄤ-ㄧㄝ,kəŋ-iɔ-fan-iɑŋ-iɛ,geng-yo-fan-yang-ye
ㄍㄡ-ㄈㄣ-ㄧㄠ-ㄈㄛ-ㄈㄟ,kɤu-fən-iɑʊ-fɔ-feɪ,gou-fen-yao-fo-fei
ㄍㄜ-ㄈㄟ-ㄧㄚ-ㄍㄟ-ㄧㄞ,kɯʌ-feɪ-ia-keɪ-iaɪ,ge-fei-ya-gei-yai
ㄍㄨㄥ-ㄧㄢ-ㄧㄛ-ㄈㄧ-ㄧㄛ,kʊŋ-iɛn-iɔ-fi-iɔ,gong-yan-yo-fi-yo
ㄎㄚ-ㄍㄨ-ㄈㄡ-ㄈㄣ-ㄧㄝ,kʰa-ku-fɤʊ-fən-iɛ,ka-gu-fou-fen-ye
ㄎㄢ-ㄧㄢ-ㄧㄡ-ㄈㄜ-ㄈㄧ,kʰan-iɛn-iɤu-fɯʌ-fi,kan-yan-you-fe-fi
ㄎㄞ-ㄧㄥ-ㄧㄡ-ㄈㄥ-ㄍㄚ,kʰaɪ-iŋ-iɤu-fʊŋ-ka,kai-ying-you-feng-ga
ㄎㄨ-ㄧ-ㄧㄝ-ㄞ-ㄧㄢ,kʰu-i-iɛ-ai-iɛn,ku-yi-ye-ai-yan
ㄎㄤ-ㄍㄞ-ㄧㄤ-ㄍㄟ-ㄧㄠ,kʰɑŋ-kaɪ-iɑŋ-keɪ-iɑʊ,kang-gai-yang-gei-yao
ㄎㄠ-ㄈㄡ-ㄈㄜ-ㄈㄨ-ㄧㄚ,kʰɑʊ-fɤʊ-fɯʌ-fu-ia,kao-fou-fe-fu-ya
ㄎㄣ-ㄍㄚ-ㄍㄢ-ㄍㄞ-ㄧㄛ,kʰən-ka-kɑn-kaɪ-iɔ,ken-ga-gan-gai-yo
ㄎㄥ-ㄍㄨ-ㄧㄞ-ㄧㄝ-ㄢ,kʰəŋ-ku-iaɪ-iɛ-an,keng-gu-yai-ye-an
ㄎㄡ-ㄧㄥ-ㄍㄢ-ㄍㄟ-ㄧㄢ,kʰɤu-iŋ-kɑn-keɪ-iɛn,kou-ying-gan-gei-yan
ㄎㄜ-ㄈㄤ-ㄍㄤ-ㄍㄠ-ㄈㄥ,kʰɯʌ-fɑŋ-kɑŋ-kɑʊ-fʊŋ,ke-fang-gang-gao-feng
ㄎㄨㄥ-ㄍㄣ-ㄍㄨ-ㄧㄤ-ㄍㄥ,kʰʊŋ-kən-ku-iɑŋ-kəŋ,kong-gen-gu-yang-geng
ㄌㄚ-ㄍㄤ-ㄍㄡ-ㄧㄠ-ㄧ,la-kɑŋ-kɤu-iɑʊ-i,la-gang-gou-yao-yi
ㄌㄢ-ㄍㄢ-ㄍㄤ-ㄍㄜ-ㄈㄛ,lan-kɑn-kɑŋ-kɯʌ-fɔ,lan-gan-gang-ge-fo
ㄌㄞ-ㄧㄡ-ㄧㄛ-ㄈㄨ-ㄧㄝ,laɪ-iɤu-iɔ-fu-iɛ,lai-you-yo-fu-ye
ㄌㄟ-ㄍㄚ-ㄍㄠ-ㄧㄚ-ㄍㄣ,leɪ-ka-kɑʊ-ia-kən,lei-ga-gao-ya-gen
ㄌㄧ-ㄧㄡ-ㄧㄢ-ㄍㄠ-ㄧㄞ,li-iɤu-iɛn-kɑʊ-iaɪ,li-you-yan-gao-yai
ㄌㄨ-ㄧㄡ-ㄍㄚ-ㄍㄥ-ㄍㄨㄥ,lu-iɤu-ka-kəŋ-kʊŋ,lu-you-ga-geng-gong
ㄌㄩ-ㄚ-ㄍㄡ-ㄍㄞ-ㄍㄞ,ly-a-kɤu-kaɪ-kaɪ,lv-a-gou-gai-gai
ㄌㄩㄣ-ㄍㄣ-ㄍㄥ-ㄎㄚ-ㄍㄜ,lyn-kən-kəŋ-kʰa-kɯʌ,lvn-gen-geng-ka-ge
ㄌㄩㄝ-ㄈㄚ-ㄍㄨㄥ-ㄎㄢ-ㄍㄡ,lyɛ-fa-kʊŋ-kʰan-kɤu,lue-fa-gong-kan-gou
ㄌㄩㄢ-ㄍㄜ-ㄈㄣ-ㄍㄨㄥ-ㄎㄞ,lyɛn-kɯʌ-fən-kʊŋ-kʰaɪ,lvan-ge-fen-gong-kai
ㄌㄤ-ㄎㄨ-ㄍㄟ-ㄍㄟ-ㄍㄨ,lɑŋ-kʰu-keɪ-keɪ-ku,lang-ku-gei-gei-gu
ㄌㄠ-ㄧㄥ-ㄎㄤ-ㄎㄠ-ㄧㄤ,lɑʊ-iŋ-kʰɑŋ-kʰɑʊ-iɑŋ,lao-ying-kang-kao-yang
ㄌㄥ-ㄎㄣ-ㄎㄚ-ㄎㄚ-ㄎㄢ,ləŋ-kʰən-kʰa-kʰa-kʰan,leng-ken-ka-ka-kan
ㄌㄡ-ㄍㄨ-ㄍㄢ-ㄎㄢ-ㄎㄞ,lɤu-ku-kɑn-kʰan-kʰaɪ,lou-gu-gan-kan-kai
ㄌㄜ-ㄈㄡ-ㄧㄠ-ㄧㄛ-ㄈㄤ,lɯʌ-fɤʊ-iɑʊ-iɔ-fɑŋ,le-fou-yao-yo-fang
ㄌㄨㄥ-ㄎㄥ-ㄎㄡ-ㄍㄤ-ㄎㄜ,lʊŋ-kʰəŋ-kʰɤu-kɑŋ-kʰɯʌ,long-keng-kou-gang-ke
ㄇㄚ-ㄎㄞ-ㄍㄢ-ㄎㄨ-ㄍㄠ,ma-kʰaɪ-kɑn-kʰu-kɑʊ,ma-kai-gan-ku-gao
ㄇㄢ-ㄎㄤ-ㄎㄨㄥ-ㄌㄚ-ㄎㄨ,man-kʰɑŋ-kʰʊŋ-la-kʰu,man-kang-kong-la-ku
ㄇㄞ-ㄍㄤ-ㄌㄢ-ㄎㄠ-ㄧㄝ,maɪ-kɑŋ-lan-kʰɑʊ-iɛ,mai-gang-lan-kao-ye
ㄇㄟ-ㄍㄠ-ㄧㄢ-ㄎㄣ-ㄎㄥ,meɪ-kɑʊ-iɛn-kʰən-kʰəŋ,mei-gao-yan-ken-keng
ㄇㄧ-ㄍㄚ-ㄎㄤ-ㄌㄞ-ㄍㄣ,mi-ka-kʰɑŋ-laɪ-kən,mi-ga-kang-lai-gen
ㄇㄨ-ㄍㄣ-ㄎㄡ-ㄍㄥ-ㄌㄟ,mu-kən-kʰɤu-kəŋ-leɪ,mu-gen-kou-geng-lei
ㄇㄛ-ㄈㄛ-ㄈㄣ-ㄎㄜ-ㄈㄜ,muɔ-fɔ-fən-kʰɯʌ-fɯʌ,mo-fo-fen-ke-fe
ㄇㄤ-ㄌㄧ-ㄍㄞ-ㄍㄥ-ㄌㄨ,mɑŋ-li-kaɪ-kəŋ-lu,mang-li-gai-geng-lu
ㄇㄠ-ㄧㄡ-ㄍㄡ-ㄍㄜ-ㄈㄥ,mɑʊ-iɤu-kɤu-kɯʌ-fʊŋ,mao-you-gou-ge-feng
ㄇㄣ-ㄎㄨㄥ-ㄌㄩ-ㄞ-ㄍㄟ,mən-kʰʊŋ-ly-ai-keɪ,men-kong-lv-ai-gei
ㄇㄡ-ㄍㄚ-ㄎㄠ-ㄍㄞ-ㄍㄡ,mɤʊ-ka-kʰɑʊ-kaɪ-kɤu,mou-ga-kao-gai-gou
ㄇㄜ-ㄧ-ㄍㄨ-ㄍㄨㄥ-ㄌㄩㄣ,mɯʌ-i-ku-kʊŋ-lyn,me-yi-gu-gong-lvn
ㄇㄥ-ㄌㄩㄝ-ㄈㄢ-ㄌㄚ-ㄎㄣ,mʊŋ-lyɛ-fan-la-kʰən,meng-lue-fan-la-ken
ㄋㄚ-ㄎㄥ-ㄌㄩㄢ-ㄌㄢ-ㄌㄞ,na-kʰəŋ-lyɛn-lan-laɪ,na-keng-lvan-lan-lai
ㄋㄢ-ㄌㄟ-ㄍㄜ-ㄧㄚ-ㄎㄡ,nan-leɪ-kɯʌ-ia-kʰɤu,nan-lei-ge-ya-kou
ㄋㄞ-ㄍㄨㄥ-ㄌㄤ-ㄌㄠ-ㄍㄟ,naɪ-kʊŋ-lɑŋ-lɑʊ-keɪ,nai-gong-lang-lao-gei
ㄋㄟ-ㄎㄚ-ㄎㄜ-ㄧㄞ-ㄎㄢ,neɪ-kʰa-kʰɯʌ-iaɪ-kʰan,nei-ka-ke-yai-kan
ㄋㄧ-ㄍㄢ-ㄌㄧ-ㄍㄤ-ㄌㄥ,ni-kɑn-li-kɑŋ-ləŋ,ni-gan-li-gang-leng
ㄋㄨ-ㄎㄚ-ㄎㄨㄥ-ㄌㄡ-ㄎㄢ,nu-kʰa-kʰʊŋ-lɤu-kʰan,nu-ka-kong-lou-kan
ㄋㄩ-ㄢ-ㄌㄨ-ㄎㄞ-ㄎㄞ,ny-an-lu-kʰaɪ-kʰaɪ,nv-an-lu-kai-kai
ㄋㄤ-ㄌㄜ-ㄧㄥ-ㄌㄨㄥ-ㄇㄚ,nɑŋ-lɯʌ-iŋ-lʊŋ-ma,nang-le-ying-long-ma
ㄋㄠ-ㄍㄨ-ㄎㄨ-ㄎㄤ-ㄇㄢ,nɑʊ-ku-kʰu-kʰɑŋ-man,nao-gu-ku-kang-man
ㄋㄣ-ㄌㄩ-ㄈㄚ-ㄌㄚ-ㄌㄢ,nən-ly-fa-la-lan,nen-lv-fa-la-lan
ㄋㄡ-ㄎㄠ-ㄍㄢ-ㄌㄩㄣ-ㄌㄩㄝ,nɤu-kʰɑʊ-kɑn-lyn-lyɛ,nou-kao-gan-lvn-lue
ㄋㄜ-ㄧㄤ-ㄇㄞ-ㄎㄨ-ㄎㄣ,nɯʌ-iɑŋ-maɪ-kʰu-kʰən,ne-yang-mai-ku-ken
ㄋㄨㄥ-ㄇㄟ-ㄎㄤ-ㄇㄧ-ㄍㄠ,nʊŋ-meɪ-kʰɑŋ-mi-kɑʊ,nong-mei-kang-mi-gao
ㄅㄚ-ㄌㄞ-ㄎㄠ-ㄍㄤ-ㄇㄨ,pa-laɪ-kʰɑʊ-kɑŋ-mu,ba-lai-kao-gang-mu
ㄅㄢ-ㄌㄩㄢ-ㄌㄤ-ㄇㄛ-ㄈㄡ,pan-lyɛn-lɑŋ-muɔ-fɤʊ,ban-lvan-lang-mo-fou
ㄅㄞ-ㄎㄣ-ㄌㄠ-ㄍㄠ-ㄍㄣ,paɪ-kʰən-lɑʊ-kɑʊ-kən,bai-ken-lao-gao-gen
ㄅㄟ-ㄎㄥ-ㄇㄤ-ㄇㄠ-ㄍㄥ,peɪ-kʰəŋ-mɑŋ-mɑʊ-kəŋ,bei-keng-mang-mao-geng
ㄅㄧ-ㄍㄣ-ㄌㄥ-ㄇㄣ-ㄌㄡ,pi-kən-ləŋ-mən-lɤu,bi-gen-leng-men-lou
ㄅㄨ-ㄎㄥ-ㄇㄡ-ㄍㄡ-ㄎㄡ,pu-kʰəŋ-mɤʊ-kɤu-kʰɤu,bu-keng-mou-gou-kou
ㄅㄛ-ㄈㄜ-ㄧㄠ-ㄍㄜ-ㄧㄛ,puɔ-fɯʌ-iɑʊ-kɯʌ-iɔ,bo-fe-yao-ge-yo
ㄅㄤ-ㄇㄜ-ㄧㄝ-ㄈㄟ-ㄎㄡ,pɑŋ-mɯʌ-iɛ-feɪ-kʰɤu,bang-me-ye-fei-kou
ㄅㄠ-ㄍㄨㄥ-ㄇㄥ-ㄋㄚ-ㄌㄟ,pɑʊ-kʊŋ-mʊŋ-na-leɪ,bao-gong-meng-na-lei
ㄅㄣ-ㄌㄜ-ㄧㄢ-ㄌㄨㄥ-ㄋㄢ,pən-lɯʌ-iɛn-lʊŋ-nan,ben-le-yan-long-nan
ㄅㄡ-ㄎㄜ-ㄧㄡ-ㄎㄨㄥ-ㄋㄞ,pɤu-kʰɯʌ-iɤu-kʰʊŋ-naɪ,bou-ke-you-kong-nai
ㄅㄜ-ㄍㄚ-ㄌㄧ-ㄍㄥ-ㄋㄟ,pɯʌ-ka-li-kəŋ-neɪ,be-ga-li-geng-nei
ㄅㄥ-ㄋㄧ-ㄍㄡ-ㄌㄚ-ㄌㄨ,pʊŋ-ni-kɤu-la-lu,beng-ni-gou-la-lu
ㄆㄚ-ㄌㄩ-ㄈㄢ-ㄇㄚ-ㄌㄩㄣ,pʰa-ly-fan-ma-lyn,pa-lv-fan-ma-lvn
ㄆㄢ-ㄇㄢ-ㄇㄞ-ㄎㄜ-ㄍㄞ,pʰan-man-maɪ-kʰɯʌ-kaɪ,pan-man-mai-ke-gai
ㄆㄞ-ㄎㄨㄥ-ㄋㄨ-ㄌㄢ-ㄇㄟ,pʰaɪ-kʰʊŋ-nu-lan-meɪ,pai-kong-nu-lan-mei
ㄆㄟ-ㄌㄚ-ㄌㄩㄝ-ㄈㄧ-ㄍㄜ,pʰeɪ-la-lyɛ-fi-kɯʌ,pei-la-lue-fi-ge
ㄆㄧ-ㄍㄨㄥ-ㄋㄩ-ㄈㄟ-ㄌㄢ,pʰi-kʊŋ-ny-feɪ-lan,pi-gong-nv-fei-lan
ㄆㄨ-ㄌㄞ-ㄌㄞ-ㄌㄟ-ㄌㄧ,pʰu-laɪ-laɪ-leɪ-li,pu-lai-lai-lei-li
ㄆㄛ-ㄈㄥ-ㄋㄤ-ㄋㄠ-ㄎㄚ,pʰuɔ-fʊŋ-nɑŋ-nɑʊ-kʰa,po-feng-nang-nao-ka
ㄆㄤ-ㄋㄣ-ㄇㄧ-ㄎㄚ-ㄌㄩㄢ,pʰɑŋ-nən-mi-kʰa-lyɛn,pang-nen-mi-ka-lvan
ㄆㄠ-ㄎㄢ-ㄇㄨ-ㄌㄟ-ㄌㄨ,pʰɑʊ-kʰan-mu-leɪ-lu,pao-kan-mu-lei-lu
ㄆㄣ-ㄇㄛ-ㄧ-ㄎㄢ-ㄇㄤ,pʰən-muɔ-i-kʰan-mɑŋ,pen-mo-yi-kan-mang
ㄆㄡ-ㄌㄧ-ㄎㄞ-ㄌㄩ-ㄈㄧ,pʰɤu-li-kʰaɪ-ly-fi,pou-li-kai-lv-fi
ㄆㄜ-ㄍㄟ-ㄌㄩㄣ-ㄇㄠ-ㄎㄞ,pʰɯʌ-keɪ-lyn-mɑʊ-kʰaɪ,pe-gei-lvn-mao-kai
ㄆㄥ-ㄋㄡ-ㄌㄨ-ㄌㄩ-ㄈㄨ,pʰʊŋ-nɤu-lu-ly-fu,peng-nou-lu-lv-fu
ㄙㄚ-ㄌㄤ-ㄋㄜ-ㄍㄨ-ㄌㄩㄣ,sa-lɑŋ-nɯʌ-ku-lyn,sa-lang-ne-gu-lvn
ㄙㄢ-ㄇㄣ-ㄇㄡ-ㄎㄨ-ㄌㄩㄝ,san-mən-mɤʊ-kʰu-lyɛ,san-men-mou-ku-lue
ㄙㄞ-ㄌㄩㄝ-ㄈㄨ-ㄌㄩㄢ-ㄇㄜ,saɪ-lyɛ-fu-lyɛn-mɯʌ,sai-lue-fu-lvan-me
ㄙㄨ-ㄌㄤ-ㄋㄨㄥ-ㄅㄚ-ㄌㄠ,su-lɑŋ-nʊŋ-pa-lɑʊ,su-lang-nong-ba-lao
ㄙㄤ-ㄅㄢ-ㄇㄥ-ㄅㄞ-ㄌㄩㄢ,sɑŋ-pan-mʊŋ-paɪ-lyɛn,sang-ban-meng-bai-lvan
ㄙㄠ-ㄎㄤ-ㄅㄟ-ㄌㄤ-ㄅㄧ,sɑʊ-kʰɑŋ-peɪ-lɑŋ-pi,sao-kang-bei-lang-bi
ㄙㄣ-ㄋㄚ-ㄌㄥ-ㄅㄨ-ㄌㄠ,sən-na-ləŋ-pu-lɑʊ,sen-na-leng-bu-lao
ㄙㄥ-ㄅㄛ-ㄧㄚ-ㄌㄡ-ㄌㄥ,səŋ-puɔ-ia-lɤu-ləŋ,seng-bo-ya-lou-leng
ㄙㄡ-ㄌㄡ-ㄌㄜ-ㄍㄢ-ㄋㄢ,sɤu-lɤu-lɯʌ-kɑn-nan,sou-lou-le-gan-nan
ㄙ-ㄚ-ㄌㄜ-ㄍㄤ-ㄅㄤ,sɨ-a-lɯʌ-kɑŋ-pɑŋ,si-a-le-gang-bang
ㄙㄜ-ㄍㄠ-ㄎㄠ-ㄎㄣ-ㄋㄞ,sɯʌ-kɑʊ-kʰɑʊ-kʰən-naɪ,se-gao-kao-ken-nai
ㄙㄨㄥ-ㄅㄠ-ㄎㄥ-ㄅㄣ-ㄋㄟ,sʊŋ-pɑʊ-kʰəŋ-pən-neɪ,song-bao-keng-ben-nei
ㄉㄚ-ㄌㄨㄥ-ㄅㄡ-ㄌㄨㄥ-ㄅㄜ,ta-lʊŋ-pɤu-lʊŋ-pɯʌ,da-long-bou-long-be
ㄉㄢ-ㄋㄧ-ㄎㄨ-ㄇㄚ-ㄇㄚ,tan-ni-kʰu-ma-ma,dan-ni-ku-ma-ma
ㄉㄞ-ㄌㄠ-ㄎㄡ-ㄇㄢ-ㄋㄨ,taɪ-lɑʊ-kʰɤu-man-nu,dai-lao-kou-man-nu
ㄉㄟ-ㄌㄥ-ㄅㄥ-ㄆㄚ-ㄇㄢ,teɪ-ləŋ-pʊŋ-pʰa-man,dei-leng-beng-pa-man
ㄉㄧ-ㄎㄤ-ㄆㄢ-ㄋㄩ-ㄈㄤ,ti-kʰɑŋ-pʰan-ny-fɑŋ,di-kang-pan-nv-fang
ㄗㄚ-ㄇㄞ-ㄌㄡ-ㄇㄞ-ㄌㄜ,tsa-maɪ-lɤu-maɪ-lɯʌ,za-mai-lou-mai-le
ㄗㄢ-ㄋㄤ-ㄆㄞ-ㄌㄨㄥ-ㄆㄟ,tsan-nɑŋ-pʰaɪ-lʊŋ-pʰeɪ,zan-nang-pai-long-pei
ㄗㄞ-ㄇㄚ-ㄇㄟ-ㄇㄢ-ㄋㄠ,tsaɪ-ma-meɪ-man-nɑʊ,zai-ma-mei-man-nao
ㄗㄟ-ㄇㄞ-ㄇㄟ-ㄇㄧ-ㄎㄠ,tseɪ-maɪ-meɪ-mi-kʰɑʊ,zei-mai-mei-mi-kao
ㄗㄨ-ㄇㄟ-ㄇㄨ-ㄇㄧ-ㄎㄣ,tsu-meɪ-mu-mi-kʰən,zu-mei-mu-mi-ken
ㄗㄤ-ㄆㄧ-ㄎㄥ-ㄆㄨ-ㄇㄨ,tsɑŋ-pʰi-kʰəŋ-pʰu-mu,zang-pi-keng-pu-mu
ㄗㄠ-ㄎㄜ-ㄍㄣ-ㄋㄣ-ㄋㄡ,tsɑʊ-kʰɯʌ-kən-nən-nɤu,zao-ke-gen-nen-nou
ㄗㄣ-ㄋㄜ-ㄍㄥ-ㄆㄛ-ㄧㄞ,tsən-nɯʌ-kəŋ-pʰuɔ-iaɪ,zen-ne-geng-po-yai
ㄗㄥ-ㄆㄤ-ㄆㄠ-ㄎㄨㄥ-ㄆㄣ,tsəŋ-pʰɑŋ-pʰɑʊ-kʰʊŋ-pʰən,zeng-pang-pao-kong-pen
ㄗㄡ-ㄇㄛ-ㄧㄥ-ㄆㄡ-ㄇㄤ,tsɤu-muɔ-iŋ-pʰɤu-mɑŋ,zou-mo-ying-pou-mang
ㄗ-ㄞ-ㄎㄡ-ㄇㄠ-ㄌㄚ,tsɨ-ai-kʰɤu-mɑʊ-la,zi-ai-kou-mao-la
ㄗㄜ-ㄍㄡ-ㄇㄣ-ㄋㄨㄥ-ㄆㄜ,tsɯʌ-kɤu-mən-nʊŋ-pʰɯʌ,ze-gou-men-nong-pe
ㄗㄨㄥ-ㄆㄥ-ㄙㄚ-ㄇㄧ-ㄎㄜ,tsʊŋ-pʰʊŋ-sa-mi-kʰɯʌ,zong-peng-sa-mi-ke
ㄘㄚ-ㄇㄨ-ㄇㄡ-ㄌㄢ-ㄅㄚ,tsʰa-mu-mɤʊ-lan-pa,ca-mu-mou-lan-ba
ㄘㄢ-ㄅㄢ-ㄅㄞ-ㄇㄛ-ㄧㄤ,tsʰan-pan-paɪ-muɔ-iɑŋ,can-ban-bai-mo-yang
ㄘㄞ-ㄇㄤ-ㄙㄢ-ㄅㄟ-ㄇㄠ,tsʰaɪ-mɑŋ-san-peɪ-mɑʊ,cai-mang-san-bei-mao
ㄘㄨ-ㄇㄜ-ㄍㄜ-ㄍㄨㄥ-ㄙㄞ,tsʰu-mɯʌ-kɯʌ-kʊŋ-saɪ,cu-me-ge-gong-sai
ㄘㄤ-ㄙㄨ-ㄇㄥ-ㄙㄤ-ㄙㄠ,tsʰɑŋ-su-mʊŋ-sɑŋ-sɑʊ,cang-su-meng-sang-sao
ㄘㄠ-ㄌㄞ-ㄇㄣ-ㄅㄧ-ㄎㄨㄥ,tsʰɑʊ-laɪ-mən-pi-kʰʊŋ,cao-lai-men-bi-kong
ㄘㄣ-ㄅㄨ-ㄋㄚ-ㄇㄛ-ㄧㄠ,tsʰən-pu-na-muɔ-iɑʊ,cen-bu-na-mo-yao
ㄘㄥ-ㄙㄣ-ㄅㄛ-ㄧㄛ-ㄧㄝ,tsʰəŋ-sən-puɔ-iɔ-iɛ,ceng-sen-bo-yo-ye
ㄘㄡ-ㄋㄢ-ㄅㄤ-ㄙㄥ-ㄙㄡ,tsʰɤu-nan-pɑŋ-səŋ-sɤu,cou-nan-bang-seng-sou
ㄘ-ㄢ-ㄅㄠ-ㄌㄟ-ㄇㄡ,tsʰɨ-an-pɑʊ-leɪ-mɤʊ,ci-an-bao-lei-mou
ㄘㄜ-ㄎㄚ-ㄇㄤ-ㄙ-ㄈㄚ,tsʰɯʌ-kʰa-mɑŋ-sɨ-fa,ce-ka-mang-si-fa
ㄘㄨㄥ-ㄙㄜ-ㄎㄢ-ㄅㄣ-ㄅㄡ,tsʰʊŋ-sɯʌ-kʰan-pən-pɤu,cong-se-kan-ben-bou
ㄉㄨ-ㄋㄞ-ㄇㄜ-ㄎㄞ-ㄇㄥ,tu-naɪ-mɯʌ-kʰaɪ-mʊŋ,du-nai-me-kai-meng
ㄉㄤ-ㄙㄨㄥ-ㄉㄚ-ㄇㄠ-ㄌㄧ,tɑŋ-sʊŋ-ta-mɑʊ-li,dang-song-da-mao-li
ㄉㄠ-ㄌㄨ-ㄋㄟ-ㄋㄚ-ㄇㄣ,tɑʊ-lu-neɪ-na-mən,dao-lu-nei-na-men
ㄐㄧ-ㄌㄚ-ㄇㄡ-ㄌㄩ-ㄈㄛ,tɕi-la-mɤʊ-ly-fɔ,ji-la-mou-lv-fo
ㄐㄩㄥ-ㄉㄢ-ㄅㄜ-ㄎㄨ-ㄋㄧ,tɕiʊŋ-tan-pɯʌ-kʰu-ni,jiong-dan-be-ku-ni
ㄐㄩ-ㄈㄣ-ㄅㄥ-ㄉㄞ-ㄋㄢ,tɕy-fən-pʊŋ-taɪ-nan,ju-fen-beng-dai-nan
ㄐㄩㄣ-ㄆㄚ-ㄇㄜ-ㄎㄤ-ㄉㄟ,tɕyn-pʰa-mɯʌ-kʰɑŋ-teɪ,jun-pa-me-kang-dei
ㄐㄩㄝ-ㄈㄤ-ㄉㄧ-ㄌㄢ-ㄆㄢ,tɕyɛ-fɑŋ-ti-lan-pʰan,jue-fang-di-lan-pan
ㄐㄩㄢ-ㄆㄞ-ㄋㄞ-ㄋㄟ-ㄋㄧ,tɕyɛn-pʰaɪ-naɪ-neɪ-ni,juan-pai-nai-nei-ni
ㄑㄧ-ㄌㄞ-ㄋㄨ-ㄋㄨ-ㄋㄩ,tɕʰi-laɪ-nu-nu-ny,qi-lai-nu-nu-nv
ㄑㄩㄥ-ㄗㄚ-ㄇㄥ-ㄗㄢ-ㄆㄟ,tɕʰiʊŋ-tsa-mʊŋ-tsan-pʰeɪ,qiong-za-meng-zan-pei
ㄑㄩ-ㄈㄡ-ㄌㄩㄣ-ㄆㄧ-ㄌㄟ,tɕʰy-fɤʊ-lyn-pʰi-leɪ,qu-fou-lvn-pi-lei
ㄑㄩㄣ-ㄆㄨ-ㄋㄤ-ㄗㄞ-ㄋㄩ,tɕʰyn-pʰu-nɑŋ-tsaɪ-ny,qun-pu-nang-zai-nv
ㄑㄩㄝ-ㄈㄛ-ㄧㄢ-ㄆㄛ-ㄧㄡ,tɕʰyɛ-fɔ-iɛn-pʰuɔ-iɤu,que-fo-yan-po-you
ㄑㄩㄢ-ㄆㄤ-ㄗㄟ-ㄋㄤ-ㄗㄨ,tɕʰyɛn-pʰɑŋ-tseɪ-nɑŋ-tsu,quan-pang-zei-nang-zu
ㄉㄥ-ㄗㄤ-ㄗㄠ-ㄌㄩㄝ-ㄈㄣ,təŋ-tsɑŋ-tsɑʊ-lyɛ-fən,deng-zang-zao-lue-fen
ㄉㄡ-ㄋㄠ-ㄌㄩㄢ-ㄆㄠ-ㄌㄤ,tɤu-nɑʊ-lyɛn-pʰɑʊ-lɑŋ,dou-nao-lvan-pao-lang
ㄉㄜ-ㄎㄠ-ㄌㄠ-ㄌㄥ-ㄗㄣ,tɯʌ-kʰɑʊ-lɑʊ-ləŋ-tsən,de-kao-lao-leng-zen
ㄉㄨㄥ-ㄗㄥ-ㄗㄡ-ㄋㄣ-ㄆㄣ,tʊŋ-tsəŋ-tsɤu-nən-pʰən,dong-zeng-zou-nen-pen
ㄊㄚ-ㄋㄚ-ㄋㄢ-ㄆㄡ-ㄋㄡ,tʰa-na-nan-pʰɤu-nɤu,ta-na-nan-pou-nou
ㄊㄢ-ㄆㄜ-ㄎㄣ-ㄆㄥ-ㄗ,tʰan-pʰɯʌ-kʰən-pʰʊŋ-tsɨ,tan-pe-ken-peng-zi
ㄊㄞ-ㄋㄠ-ㄌㄡ-ㄋㄜ-ㄎㄥ,tʰaɪ-nɑʊ-lɤu-nɯʌ-kʰəŋ,tai-nao-lou-ne-keng
ㄊㄧ-ㄌㄧ-ㄌㄨ-ㄋㄨㄥ-ㄗㄜ,tʰi-li-lu-nʊŋ-tsɯʌ,ti-li-lu-nong-ze
ㄊㄨ-ㄅㄚ-ㄋㄞ-ㄋㄣ-ㄙㄚ,tʰu-pa-naɪ-nən-sa,tu-ba-nai-nen-sa
ㄊㄤ-ㄗㄨㄥ-ㄘㄚ-ㄋㄟ-ㄋㄡ,tʰɑŋ-tsʊŋ-tsʰa-neɪ-nɤu,tang-zong-ca-nei-nou
ㄊㄠ-ㄌㄜ-ㄎㄡ-ㄅㄢ-ㄙㄢ,tʰɑʊ-lɯʌ-kʰɤu-pan-san,tao-le-kou-ban-san
ㄊㄥ-ㄘㄢ-ㄙㄞ-ㄋㄜ-ㄎㄜ,tʰəŋ-tsʰan-saɪ-nɯʌ-kʰɯʌ,teng-can-sai-ne-ke
ㄊㄡ-ㄅㄞ-ㄋㄨㄥ-ㄘㄞ-ㄅㄚ,tʰɤu-paɪ-nʊŋ-tsʰaɪ-pa,tou-bai-nong-cai-ba
ㄊㄜ-ㄎㄨㄥ-ㄘㄨ-ㄅㄟ-ㄅㄢ,tʰɯʌ-kʰʊŋ-tsʰu-peɪ-pan,te-kong-cu-bei-ban
ㄊㄨㄥ-ㄘㄤ-ㄘㄠ-ㄌㄨㄥ-ㄘㄣ,tʰʊŋ-tsʰɑŋ-tsʰɑʊ-lʊŋ-tsʰən,tong-cang-cao-long-cen
ㄨ-ㄅㄧ-ㄌㄩ-ㄈㄜ-ㄌㄚ,u-pi-ly-fɯʌ-la,wu-bi-lv-fe-la
ㄨㄚ-ㄋㄧ-ㄌㄩㄣ-ㄙㄨ-ㄅㄨ,ua-ni-lyn-su-pu,wa-ni-lvn-su-bu
ㄨㄢ-ㄙㄤ-ㄘㄥ-ㄘㄡ-ㄅㄛ,uan-sɑŋ-tsʰəŋ-tsʰɤu-puɔ,wan-sang-ceng-cou-bo
ㄨㄞ-ㄅㄞ-ㄅㄟ-ㄅㄧ-ㄌㄩㄝ,uaɪ-paɪ-peɪ-pi-lyɛ,wai-bai-bei-bi-lue
ㄨㄟ-ㄅㄨ-ㄅㄤ-ㄘ-ㄈㄢ,ueɪ-pu-pɑŋ-tsʰɨ-fan,wei-bu-bang-ci-fan
ㄨㄤ-ㄘㄜ-ㄌㄢ-ㄙㄠ-ㄇㄚ,uɑŋ-tsʰɯʌ-lan-sɑʊ-ma,wang-ce-lan-sao-ma
ㄨㄛ-ㄍㄚ-ㄋㄨ-ㄅㄠ-ㄇㄢ,uɔ-ka-nu-pɑʊ-man,wo-ga-nu-bao-man
ㄨㄣ-ㄙㄣ-ㄙㄥ-ㄘㄨㄥ-ㄉㄨ,uən-sən-səŋ-tsʰʊŋ-tu,wen-sen-seng-cong-du
ㄨㄥ-ㄉㄤ-ㄉㄠ-ㄇㄞ-ㄅㄛ,uʊŋ-tɑŋ-tɑʊ-maɪ-puɔ,weng-dang-dao-mai-bo
ㄏㄚ-ㄋㄩ-ㄈㄥ-ㄐㄧ-ㄌㄩㄢ,xa-ny-fʊŋ-tɕi-lyɛn,ha-nv-feng-ji-lvan
ㄏㄢ-ㄙㄡ-ㄅㄣ-ㄙ-ㄈㄟ,xan-sɤu-pən-sɨ-feɪ,han-sou-ben-si-fei
ㄏㄞ-ㄅㄤ-ㄐㄩㄥ-ㄐㄩ-ㄧ,xaɪ-pɑŋ-tɕiʊŋ-tɕy-i,hai-bang-jiong-ju-yi
ㄏㄟ-ㄅㄠ-ㄇㄟ-ㄅㄣ-ㄙㄜ,xeɪ-pɑʊ-meɪ-pən-sɯʌ,hei-bao-mei-ben-se
ㄏㄨ-ㄅㄡ-ㄅㄜ-ㄌㄞ-ㄅㄡ,xu-pɤu-pɯʌ-laɪ-pɤu,hu-bou-be-lai-bou
ㄏㄤ-ㄐㄩㄣ-ㄙㄨㄥ-ㄐㄩㄝ-ㄈㄡ,xɑŋ-tɕyn-sʊŋ-tɕyɛ-fɤʊ,hang-jun-song-jue-fou
ㄏㄠ-ㄇㄧ-ㄌㄤ-ㄐㄩㄢ-ㄉㄚ,xɑʊ-mi-lɑŋ-tɕyɛn-ta,hao-mi-lang-juan-da
ㄏㄣ-ㄉㄢ-ㄉㄞ-ㄅㄜ-ㄌㄟ,xən-tan-taɪ-pɯʌ-leɪ,hen-dan-dai-be-lei
ㄏㄥ-ㄑㄧ-ㄌㄠ-ㄇㄨ-ㄅㄥ,xəŋ-tɕʰi-lɑʊ-mu-pʊŋ,heng-qi-lao-mu-beng
ㄏㄡ-ㄆㄚ-ㄋㄤ-ㄑㄩㄥ-ㄑㄩ,xɤu-pʰa-nɑŋ-tɕʰiʊŋ-tɕʰy,hou-pa-nang-qiong-qu
ㄏㄜ-ㄌㄧ-ㄌㄥ-ㄑㄩㄣ-ㄉㄟ,xɯʌ-li-ləŋ-tɕʰyn-teɪ,he-li-leng-qun-dei
ㄏㄨㄥ-ㄑㄩㄝ-ㄈㄜ-ㄌㄨ-ㄆㄢ,xʊŋ-tɕʰyɛ-fɯʌ-lu-pʰan,hong-que-fe-lu-pan
ㄩ-ㄧㄚ-ㄋㄠ-ㄇㄛ-ㄍㄞ,y-ia-nɑʊ-muɔ-kaɪ,yu-ya-nao-mo-gai
ㄩㄣ-ㄉㄧ-ㄌㄡ-ㄆㄞ-ㄅㄥ,yn-ti-lɤu-pʰaɪ-pʊŋ,yun-di-lou-pai-beng
ㄩㄝ-ㄈㄥ-ㄑㄩㄢ-ㄗㄚ-ㄋㄣ,yɛ-fʊŋ-tɕʰyɛn-tsa-nən,yue-feng-quan-za-nen
ㄩㄢ-ㄗㄢ-ㄗㄞ-ㄆㄚ-ㄋㄡ,yɛn-tsan-tsaɪ-pʰa-nɤu,yuan-zan-zai-pa-nou
ㄩㄥ-ㄉㄥ-ㄉㄡ-ㄆㄟ-ㄆㄢ,yʊŋ-təŋ-tɤu-pʰeɪ-pʰan,yong-deng-dou-pei-pan
ㄤ-ㄉㄜ-ㄌㄩ-ㄧㄞ-ㄆㄞ,ɑŋ-tɯʌ-ly-iaɪ-pʰaɪ,ang-de-lv-yai-pai
ㄠ-ㄇㄤ-ㄉㄨㄥ-ㄊㄚ-ㄋㄜ,ɑʊ-mɑŋ-tʊŋ-tʰa-nɯʌ,ao-mang-dong-ta-ne
ㄛ-ㄍㄟ-ㄆㄟ-ㄆㄧ-ㄌㄜ,ɔ-keɪ-pʰeɪ-pʰi-lɯʌ,o-gei-pei-pi-le
ㄒㄧ-ㄌㄨㄥ-ㄊㄢ-ㄗㄟ-ㄆㄨ,ɕi-lʊŋ-tʰan-tseɪ-pʰu,xi-long-tan-zei-pu
ㄒㄩㄥ-ㄊㄞ-ㄆㄛ-ㄍㄨ-ㄆㄧ,ɕiʊŋ-tʰaɪ-pʰuɔ-ku-pʰi,xiong-tai-po-gu-pi
ㄒㄩ-ㄧㄥ-ㄊㄧ-ㄇㄚ-ㄋㄨㄥ,ɕy-iŋ-tʰi-ma-nʊŋ,xu-ying-ti-ma-nong
ㄒㄩㄣ-ㄗㄨ-ㄆㄨ-ㄆㄛ-ㄍㄢ,ɕyn-tsu-pʰu-pʰuɔ-kɑn,xun-zu-pu-po-gan
ㄒㄩㄝ-ㄧ-ㄇㄢ-ㄗㄤ-ㄊㄨ,ɕyɛ-i-man-tsɑŋ-tʰu,xue-yi-man-zang-tu
ㄒㄩㄢ-ㄗㄠ-ㄇㄠ-ㄇㄣ-ㄗㄣ,ɕyɛn-tsɑʊ-mɑʊ-mən-tsən,xuan-zao-mao-men-zen
ㄣ-ㄗㄥ-ㄊㄤ-ㄊㄠ-ㄇㄡ,ən-tsəŋ-tʰɑŋ-tʰɑʊ-mɤʊ,en-zeng-tang-tao-mou
ㄦ-ㄚ-ㄅㄚ-ㄅㄢ-ㄗㄡ,ɚ-a-pa-pan-tsɤu,er-a-ba-ban-zou
ㄡ-ㄆㄤ-ㄊㄥ-ㄊㄡ-ㄆㄠ,ɤu-pʰɑŋ-tʰəŋ-tʰɤu-pʰɑʊ,ou-pang-teng-tou-pao
ㄧㄣ-ㄗ-ㄈㄧ-ㄇㄞ-ㄆㄤ,ɪn-tsɨ-fi-maɪ-pʰɑŋ,yin-zi-fi-mai-pang
ㄜ-ㄌㄩㄣ-ㄗㄜ-ㄌㄩㄝ-ㄧㄚ,ɯʌ-lyn-tsɯʌ-lyɛ-ia,e-lvn-ze-lue-ya
ㄖㄢ-ㄗㄨㄥ-ㄊㄜ-ㄌㄩㄢ-ㄘㄚ,ɹan-tsʊŋ-tʰɯʌ-lyɛn-tsʰa,ran-zong-te-lvan-ca
ㄖㄨ-ㄆㄣ-ㄘㄢ-ㄘㄞ-ㄆㄠ,ɹu-pʰən-tsʰan-tsʰaɪ-pʰɑʊ,ru-pen-can-cai-pao
ㄖㄤ-ㄊㄨㄥ-ㄨ-ㄆㄡ-ㄆㄜ,ɹɑŋ-tʰʊŋ-u-pʰɤu-pʰɯʌ,rang-tong-wu-pou-pe
ㄖㄠ-ㄇㄜ-ㄌㄤ-ㄨㄚ-ㄅㄞ,ɹɑʊ-mɯʌ-lɑŋ-ua-paɪ,rao-me-lang-wa-bai
ㄖㄣ-ㄘㄨ-ㄆㄥ-ㄨㄢ-ㄘㄤ,ɹən-tsʰu-pʰʊŋ-uan-tsʰɑŋ,ren-cu-peng-wan-cang
ㄖㄥ-ㄨㄞ-ㄆㄣ-ㄘㄠ-ㄇㄥ,ɹəŋ-uaɪ-pʰən-tsʰɑʊ-mʊŋ,reng-wai-pen-cao-meng
ㄖㄡ-ㄙㄚ-ㄅㄟ-ㄆㄡ-ㄙㄢ,ɹɤu-sa-peɪ-pʰɤu-san,rou-sa-bei-pou-san
ㄖ-ㄚ-ㄅㄧ-ㄇㄟ-ㄆㄜ,ɹɨ̹-a-pi-meɪ-pʰɯʌ,ri-a-bi-mei-pe
ㄖㄜ-ㄌㄠ-ㄋㄚ-ㄅㄨ-ㄙㄞ,ɹɯʌ-lɑʊ-na-pu-saɪ,re-lao-na-bu-sai
ㄖㄨㄥ-ㄨㄟ-ㄆㄥ-ㄨㄤ-ㄨㄛ,ɹʊŋ-ueɪ-pʰʊŋ-uɑŋ-uɔ,rong-wei-peng-wang-wo
ㄕㄚ-ㄅㄛ-ㄍㄤ-ㄨㄣ-ㄘㄣ,ʂa-puɔ-kɑŋ-uən-tsʰən,sha-bo-gang-wen-cen
ㄕㄢ-ㄘㄥ-ㄨㄥ-ㄏㄚ-ㄅㄤ,ʂan-tsʰəŋ-uʊŋ-xa-pɑŋ,shan-ceng-weng-ha-bang
ㄕㄞ-ㄙㄚ-ㄅㄠ-ㄋㄢ-ㄘㄡ,ʂaɪ-sa-pɑʊ-nan-tsʰɤu,shai-sa-bao-nan-cou
ㄕㄟ-ㄙㄢ-ㄘ-ㄈㄨ-ㄙㄨ,ʂeɪ-san-tsʰɨ-fu-su,shei-san-ci-fu-su
ㄕㄨ-ㄙㄤ-ㄏㄢ-ㄘㄜ-ㄌㄥ,ʂu-sɑŋ-xan-tsʰɯʌ-ləŋ,shu-sang-han-ce-leng
ㄕㄤ-ㄏㄞ-ㄙㄞ-ㄙㄨ-ㄙㄠ,ʂɑŋ-xaɪ-saɪ-su-sɑʊ,shang-hai-sai-su-sao
ㄕㄠ-ㄋㄞ-ㄙㄤ-ㄏㄟ-ㄙㄠ,ʂɑʊ-naɪ-sɑŋ-xeɪ-sɑʊ,shao-nai-sang-hei-sao
ㄕㄣ-ㄘㄨㄥ-ㄏㄨ-ㄙㄣ-ㄉㄨ,ʂən-tsʰʊŋ-xu-sən-tu,shen-cong-hu-sen-du
ㄕㄥ-ㄏㄤ-ㄏㄠ-ㄋㄟ-ㄙㄣ,ʂəŋ-xɑŋ-xɑʊ-neɪ-sən,sheng-hang-hao-nei-sen
ㄕㄡ-ㄙㄥ-ㄏㄣ-ㄉㄤ-ㄏㄥ,ʂɤu-səŋ-xən-tɑŋ-xəŋ,shou-seng-hen-dang-heng
ㄕ-ㄞ-ㄇㄧ-ㄇㄨ-ㄙㄡ,ʂɨ̹-ai-mi-mu-sɤu,shi-ai-mi-mu-sou
ㄕㄜ-ㄌㄡ-ㄙ-ㄈㄤ-ㄏㄡ,ʂɯʌ-lɤu-sɨ-fɑŋ-xɤu,she-lou-si-fang-hou
ㄓㄢ-ㄉㄠ-ㄋㄧ-ㄇㄛ-ㄍㄠ,ʈʂan-tɑʊ-ni-muɔ-kɑʊ,zhan-dao-ni-mo-gao
ㄓㄞ-ㄙㄥ-ㄏㄜ-ㄌㄜ-ㄌㄨㄥ,ʈʂaɪ-səŋ-xɯʌ-lɯʌ-lʊŋ,zhai-seng-he-le-long
ㄓㄟ-ㄙㄡ-ㄙㄜ-ㄇㄚ-ㄅㄣ,ʈʂeɪ-sɤu-sɯʌ-ma-pən,zhei-sou-se-ma-ben
ㄓㄨ-ㄙㄨㄥ-ㄏㄨㄥ-ㄩ-ㄧㄤ,ʈʂu-sʊŋ-xʊŋ-y-iɑŋ,zhu-song-hong-yu-yang
ㄓㄚ-ㄚ-ㄅㄡ-ㄉㄚ-ㄅㄜ,ʈʂɑ-a-pɤu-ta-pɯʌ,zha-a-bou-da-be
ㄓㄤ-ㄩㄣ-ㄐㄧ-ㄇㄤ-ㄩㄝ,ʈʂɑŋ-yn-tɕi-mɑŋ-yɛ,zhang-yun-ji-mang-yue
ㄓㄠ-ㄋㄨ-ㄉㄢ-ㄐㄩㄥ-ㄩㄢ,ʈʂɑʊ-nu-tan-tɕiʊŋ-yɛn,zhao-nu-dan-jiong-yuan
ㄓㄣ-ㄐㄩ-ㄧㄠ-ㄋㄩ-ㄧㄛ,ʈʂən-tɕy-iɑʊ-ny-iɔ,zhen-ju-yao-nv-yo
ㄓㄥ-ㄩㄥ-ㄤ-ㄠ-ㄋㄤ,ʈʂəŋ-yʊŋ-ɑŋ-ɑʊ-nɑŋ,zheng-yong-ang-ao-nang
ㄓㄡ-ㄉㄞ-ㄙ-ㄈㄛ-ㄍㄣ,ʈʂɤu-taɪ-sɨ-fɔ-kən,zhou-dai-si-fo-gen
ㄓ-ㄢ-ㄐㄩㄣ-ㄐㄩㄝ-ㄧㄞ,ʈʂɨ̹-an-tɕyn-tɕyɛ-iaɪ,zhi-an-jun-jue-yai
ㄓㄜ-ㄇㄢ-ㄐㄩㄢ-ㄑㄧ-ㄇㄠ,ʈʂɯʌ-man-tɕyɛn-tɕʰi-mɑʊ,zhe-man-juan-qi-mao
ㄓㄨㄥ-ㄛ-ㄍㄥ-ㄒㄧ-ㄇㄣ,ʈʂʊŋ-ɔ-kəŋ-ɕi-mən,zhong-o-geng-xi-men
ㄔㄚ-ㄅㄥ-ㄒㄩㄥ-ㄒㄩ-ㄧㄝ,ʈʂʰa-pʊŋ-ɕiʊŋ-ɕy-iɛ,cha-beng-xiong-xu-ye
ㄔㄢ-ㄑㄩㄥ-ㄒㄩㄣ-ㄑㄩ-ㄧㄢ,ʈʂʰan-tɕʰiʊŋ-ɕyn-tɕʰy-iɛn,chan-qiong-xun-qu-yan
ㄔㄞ-ㄙㄜ-ㄇㄞ-ㄙㄨㄥ-ㄒㄩㄝ,ʈʂʰaɪ-sɯʌ-maɪ-sʊŋ-ɕyɛ,chai-se-mai-song-xue
ㄔㄨ-ㄉㄟ-ㄉㄚ-ㄆㄚ-ㄆㄢ,ʈʂʰu-teɪ-ta-pʰa-pʰan,chu-dei-da-pa-pan
ㄔㄤ-ㄒㄩㄢ-ㄑㄩㄣ-ㄑㄩㄝ-ㄧㄥ,ʈʂʰɑŋ-ɕyɛn-tɕʰyn-tɕʰyɛ-iŋ,chang-xuan-qun-que-ying
ㄔㄠ-ㄋㄠ-ㄋㄣ-ㄑㄩㄢ-ㄉㄥ,ʈʂʰɑʊ-nɑʊ-nən-tɕʰyɛn-təŋ,chao-nao-nen-quan-deng
ㄔㄣ-ㄉㄡ-ㄉㄧ-ㄇㄡ-ㄋㄡ,ʈʂʰən-tɤu-ti-mɤʊ-nɤu,chen-dou-di-mou-nou
ㄔㄥ-ㄣ-ㄉㄜ-ㄇㄟ-ㄉㄢ,ʈʂʰəŋ-ən-tɯʌ-meɪ-tan,cheng-en-de-mei-dan
ㄔㄡ-ㄗㄚ-ㄆㄞ-ㄉㄞ-ㄉㄟ,ʈʂʰɤu-tsa-pʰaɪ-taɪ-teɪ,chou-za-pai-dai-dei
ㄔ-ㄈㄚ-ㄆㄟ-ㄉㄧ-ㄇㄜ,ʈʂʰɨ̹-fa-pʰeɪ-ti-mɯʌ,chi-fa-pei-di-me
ㄔㄜ-ㄇㄧ-ㄇㄥ-ㄦ-ㄞ,ʈʂʰɯʌ-mi-mʊŋ-ɚ-ai,che-mi-meng-er-ai
ㄔㄨㄥ-ㄡ-ㄗㄢ-ㄉㄨㄥ-ㄧㄣ,ʈʂʰʊŋ-ɤu-tsan-tʊŋ-ɪn,chong-ou-zan-dong-yin
ㄨㄥA-ㄜ-ㄇㄨ-ㄗㄞ-ㄗㄚ,ʊŋ-ɯʌ-mu-tsaɪ-tsa,wenga-e-mu-zai-za
ㄚ-ㄆㄧ-ㄋㄚ-ㄆㄨ-ㄗㄟ,-a-pʰi-na-pʰu-tseɪ,a-pi-na-pu-zei
ㄈㄚ-ㄆㄛ-ㄍㄡ-ㄗㄨ-ㄗㄤ,-a-pʰuɔ-kɤu-tsu-tsɑŋ,fa-po-gou-zu-zang
ㄧㄚ-ㄆㄤ-ㄖㄢ-ㄊㄚ-ㄆㄠ,-a-pʰɑŋ-ɹan-tʰa-pʰɑʊ,ya-pang-ran-ta-pao
ㄍㄚ-ㄆㄣ-ㄊㄢ-ㄊㄞ-ㄗㄢ,-a-pʰən-tʰan-tʰaɪ-tsan,ga-pen-tan-tai-zan
ㄎㄚ-ㄆㄡ-ㄗㄠ-ㄋㄜ-ㄇㄛ,-a-pʰɤu-tsɑʊ-nɯʌ-muɔ,ka-pou-zao-ne-mo
ㄌㄚ-ㄆㄜ-ㄇㄤ-ㄖㄨ-ㄗㄣ,-a-pʰɯʌ-mɑŋ-ɹu-tsən,la-pe-mang-ru-zen
ㄇㄚ-ㄆㄥ-ㄖㄤ-ㄖㄠ-ㄋㄨㄥ,-a-pʰʊŋ-ɹɑŋ-ɹɑʊ-nʊŋ,ma-peng-rang-rao-nong
ㄋㄚ-ㄙㄚ-ㄙㄢ-ㄊㄧ-ㄋㄢ,-a-sa-san-tʰi-nan,na-sa-san-ti-nan
ㄅㄚ-ㄙㄞ-ㄗㄞ-ㄗㄟ-ㄗㄨ,-a-saɪ-tsaɪ-tseɪ-tsu,ba-sai-zai-zei-zu
ㄆㄚ-ㄙㄨ-ㄗㄥ-ㄖㄣ-ㄊㄨ,-a-su-tsəŋ-ɹən-tʰu,pa-su-zeng-ren-tu
ㄙㄚ-ㄙㄤ-ㄖㄥ-ㄖㄡ-ㄗㄡ,-a-sɑŋ-ɹəŋ-ɹɤu-tsɤu,sa-sang-reng-rou-zou
ㄉㄚ-ㄙㄠ-ㄅㄚ-ㄙㄣ-ㄊㄤ,-a-sɑʊ-pa-sən-tʰɑŋ,da-sao-ba-sen-tang
ㄗㄚ-ㄙㄥ-ㄖ-ㄈㄢ-ㄊㄠ,-a-səŋ-ɹɨ̹-fan-tʰɑʊ,za-seng-ri-fan-tao
ㄘㄚ-ㄙㄡ-ㄗ-ㄈㄣ-ㄊㄥ,-a-sɤu-tsɨ-fən-tʰəŋ,ca-sou-zi-fen-teng
ㄊㄚ-ㄙ-ㄈㄡ-ㄅㄢ-ㄊㄡ,-a-sɨ-fɤʊ-pan-tʰɤu,ta-si-fou-ban-tou
ㄨㄚ-ㄙㄜ-ㄇㄠ-ㄅㄞ-ㄗㄤ,-a-sɯʌ-mɑʊ-paɪ-tsɑŋ,wa-se-mao-bai-zang
ㄏㄚ-ㄙㄨㄥ-ㄖㄜ-ㄇㄣ-ㄊㄜ,-a-sʊŋ-ɹɯʌ-mən-tʰɯʌ,ha-song-re-men-te
ㄕㄚ-ㄉㄚ-ㄉㄢ-ㄊㄨㄥ-ㄖㄨㄥ,-a-ta-tan-tʰʊŋ-ɹʊŋ,sha-da-dan-tong-rong
ㄔㄚ-ㄉㄞ-ㄗㄠ-ㄅㄟ-ㄗㄣ,-a-taɪ-tsɑʊ-peɪ-tsən,cha-dai-zao-bei-zen
ㄚ-ㄉㄟ-ㄗㄥ-ㄕㄚ-ㄉㄧ,-a-teɪ-tsəŋ-ʂa-ti,a-dei-zeng-sha-di
ㄈㄚ-ㄗㄚ-ㄗㄢ-ㄨ-ㄗㄜ,-a-tsa-tsan-u-tsɯʌ,fa-za-zan-wu-ze
ㄧㄚ-ㄗㄞ-ㄗㄡ-ㄗㄨㄥ-ㄕㄢ,-a-tsaɪ-tsɤu-tsʊŋ-ʂan,ya-zai-zou-zong-shan
ㄍㄚ-ㄗㄟ-ㄗ-ㄈㄜ-ㄇㄡ,-a-tseɪ-tsɨ-fɯʌ-mɤʊ,ga-zei-zi-fe-mou
ㄎㄚ-ㄗㄨ-ㄘㄚ-ㄗㄤ-ㄕㄞ,-a-tsu-tsʰa-tsɑŋ-ʂaɪ,ka-zu-ca-zang-shai
ㄌㄚ-ㄗㄠ-ㄅㄧ-ㄋㄞ-ㄗㄜ,-a-tsɑʊ-pi-naɪ-tsɯʌ,la-zao-bi-nai-ze
ㄇㄚ-ㄗㄣ-ㄨㄚ-ㄗㄥ-ㄕㄟ,-a-tsən-ua-tsəŋ-ʂeɪ,ma-zen-wa-zeng-shei
ㄋㄚ-ㄗㄡ-ㄘㄢ-ㄨㄢ-ㄨㄞ,-a-tsɤu-tsʰan-uan-uaɪ,na-zou-can-wan-wai
ㄅㄚ-ㄗ-ㄈㄥ-ㄕㄨ-ㄘㄞ,-a-tsɨ-fʊŋ-ʂu-tsʰaɪ,ba-zi-feng-shu-cai
ㄆㄚ-ㄗㄜ-ㄇㄜ-ㄇㄥ-ㄕㄤ,-a-tsɯʌ-mɯʌ-mʊŋ-ʂɑŋ,pa-ze-me-meng-shang
ㄙㄚ-ㄗㄨㄥ-ㄕㄠ-ㄅㄨ-ㄘㄨ,-a-tsʊŋ-ʂɑʊ-pu-tsʰu,sa-zong-shao-bu-cu
ㄉㄚ-ㄘㄚ-ㄘㄢ-ㄨㄟ-ㄗㄨㄥ,-a-tsʰa-tsʰan-ueɪ-tsʊŋ,da-ca-can-wei-zong
ㄗㄚ-ㄘㄞ-ㄘㄚ-ㄘㄨ-ㄘㄤ,-a-tsʰaɪ-tsʰa-tsʰu-tsʰɑŋ,za-cai-ca-cu-cang
ㄘㄚ-ㄘㄤ-ㄕㄣ-ㄨㄤ-ㄕㄥ,-a-tsʰɑŋ-ʂən-uɑŋ-ʂəŋ,ca-cang-shen-wang-sheng
ㄊㄚ-ㄘㄠ-ㄅㄛ-ㄍㄜ-ㄋㄚ,-a-tsʰɑʊ-puɔ-kɯʌ-na,ta-cao-bo-ge-na
ㄨㄚ-ㄘㄣ-ㄨㄛ-ㄍㄨㄥ-ㄕㄡ,-a-tsʰən-uɔ-kʊŋ-ʂɤu,wa-cen-wo-gong-shou
ㄏㄚ-ㄘㄥ-ㄕ-ㄈㄟ-ㄘㄢ,-a-tsʰəŋ-ʂɨ̹-feɪ-tsʰan,ha-ceng-shi-fei-can
ㄕㄚ-ㄘㄡ-ㄘㄠ-ㄅㄤ-ㄕㄜ,-a-tsʰɤu-tsʰɑʊ-pɑŋ-ʂɯʌ,sha-cou-cao-bang-she
ㄔㄚ-ㄘ-ㄧ-ㄋㄟ-ㄘㄞ,-a-tsʰɨ-i-neɪ-tsʰaɪ,cha-ci-yi-nei-cai
ㄚ-ㄘㄜ-ㄋㄢ-ㄨㄣ-ㄨㄥ,-a-tsʰɯʌ-nan-uən-uʊŋ,a-ce-nan-wen-weng
ㄈㄚ-ㄘㄨㄥ-ㄓㄢ-ㄏㄚ-ㄉㄨ,-a-tsʰʊŋ-ʈʂan-xa-tu,fa-cong-zhan-ha-du
ㄧㄚ-ㄉㄤ-ㄓㄞ-ㄘㄨ-ㄘㄣ,-a-tɑŋ-ʈʂaɪ-tsʰu-tsʰən,ya-dang-zhai-cu-cen
ㄍㄚ-ㄉㄠ-ㄅㄠ-ㄅㄣ-ㄏㄢ,-a-tɑʊ-pɑʊ-pən-xan,ga-dao-bao-ben-han
ㄎㄚ-ㄐㄧ-ㄋㄧ-ㄋㄨ-ㄘㄥ,-a-tɕi-ni-nu-tsʰəŋ,ka-ji-ni-nu-ceng
ㄌㄚ-ㄐㄩㄥ-ㄓㄟ-ㄘㄤ-ㄓㄨ,-a-tɕiʊŋ-ʈʂeɪ-tsʰɑŋ-ʈʂu,la-jiong-zhei-cang-zhu
ㄇㄚ-ㄐㄩ-ㄧㄡ-ㄘㄡ-ㄘ,-a-tɕy-iɤu-tsʰɤu-tsʰɨ,ma-ju-you-cou-ci
ㄋㄚ-ㄐㄩㄣ-ㄏㄞ-ㄘㄠ-ㄅㄡ,-a-tɕyn-xaɪ-tsʰɑʊ-pɤu,na-jun-hai-cao-bou
ㄅㄚ-ㄐㄩㄝ-ㄧㄤ-ㄓㄚ-ㄞ,-a-tɕyɛ-iɑŋ-ʈʂɑ-ai,ba-jue-yang-zha-ai
ㄆㄚ-ㄐㄩㄢ-ㄏㄟ-ㄘㄣ-ㄏㄨ,-a-tɕyɛn-xeɪ-tsʰən-xu,pa-juan-hei-cen-hu
ㄙㄚ-ㄑㄧ-ㄋㄩ-ㄍㄚ-ㄑㄩㄥ,-a-tɕʰi-ny-ka-tɕʰiʊŋ,sa-qi-nv-ga-qiong
ㄉㄚ-ㄑㄩ-ㄍㄞ-ㄘㄥ-ㄓㄤ,-a-tɕʰy-kaɪ-tsʰəŋ-ʈʂɑŋ,da-qu-gai-ceng-zhang
ㄗㄚ-ㄑㄩㄣ-ㄏㄤ-ㄓㄠ-ㄅㄜ,-a-tɕʰyn-xɑŋ-ʈʂɑʊ-pɯʌ,za-qun-hang-zhao-be
ㄘㄚ-ㄑㄩㄝ-ㄧㄠ-ㄅㄥ-ㄓㄣ,-a-tɕʰyɛ-iɑʊ-pʊŋ-ʈʂən,ca-que-yao-beng-zhen
ㄊㄚ-ㄑㄩㄢ-ㄏㄠ-ㄆㄚ-ㄉㄥ,-a-tɕʰyɛn-xɑʊ-pʰa-təŋ,ta-quan-hao-pa-deng
ㄨㄚ-ㄉㄡ-ㄘㄜ-ㄋㄞ-ㄘㄡ,-a-tɤu-tsʰɯʌ-naɪ-tsʰɤu,wa-dou-ce-nai-cou
ㄏㄚ-ㄉㄜ-ㄋㄟ-ㄘ-ㄧㄚ,-a-tɯʌ-neɪ-tsʰɨ-ia,ha-de-nei-ci-ya
ㄕㄚ-ㄉㄨㄥ-ㄓㄥ-ㄓㄡ-ㄘㄨㄥ,-a-tʊŋ-ʈʂəŋ-ʈʂɤu-tsʰʊŋ,sha-dong-zheng-zhou-cong
ㄔㄚ-ㄊㄚ-ㄊㄢ-ㄏㄣ-ㄏㄥ,-a-tʰa-tʰan-xən-xəŋ,cha-ta-tan-hen-heng
ㄚ-ㄊㄞ-ㄘㄜ-ㄋㄧ-ㄋㄤ,-a-tʰaɪ-tsʰɯʌ-ni-nɑŋ,a-tai-ce-ni-nang
ㄈㄚ-ㄊㄧ-ㄋㄠ-ㄆㄢ-ㄏㄡ,-a-tʰi-nɑʊ-pʰan-xɤu,fa-ti-nao-pan-hou
ㄧㄚ-ㄊㄨ-ㄉㄨ-ㄉㄤ-ㄓ,-a-tʰu-tu-tɑŋ-ʈʂɨ̹,ya-tu-du-dang-zhi
ㄍㄚ-ㄊㄤ-ㄓㄜ-ㄋㄨ-ㄉㄠ,-a-tʰɑŋ-ʈʂɯʌ-nu-tɑʊ,ga-tang-zhe-nu-dao
ㄎㄚ-ㄊㄠ-ㄆㄞ-ㄘㄨㄥ-ㄓㄨㄥ,-a-tʰɑʊ-pʰaɪ-tsʰʊŋ-ʈʂʊŋ,ka-tao-pai-cong-zhong
ㄌㄚ-ㄊㄥ-ㄔㄚ-ㄊㄡ-ㄐㄧ,-a-tʰəŋ-ʈʂʰa-tʰɤu-tɕi,la-teng-cha-tou-ji
ㄇㄚ-ㄊㄜ-ㄋㄩ-ㄍㄟ-ㄉㄨ,-a-tʰɯʌ-ny-keɪ-tu,ma-te-nv-gei-du
ㄋㄚ-ㄊㄨㄥ-ㄔㄢ-ㄏㄜ-ㄋㄤ,-a-tʰʊŋ-ʈʂʰan-xɯʌ-nɑŋ,na-tong-chan-he-nang
ㄅㄚ-ㄨ-ㄐㄩㄥ-ㄔㄞ-ㄉㄤ,-a-u-tɕiʊŋ-ʈʂʰaɪ-tɑŋ,ba-wu-jiong-chai-dang
ㄆㄚ-ㄨㄚ-ㄨㄢ-ㄏㄨㄥ-ㄔㄨ,-a-ua-uan-xʊŋ-ʈʂʰu,pa-wa-wan-hong-chu
ㄙㄚ-ㄨㄞ-ㄉㄠ-ㄆㄟ-ㄐㄧ,-a-uaɪ-tɑʊ-pʰeɪ-tɕi,sa-wai-dao-pei-ji
ㄉㄚ-ㄨㄟ-ㄐㄩㄥ-ㄔㄤ-ㄔㄠ,-a-ueɪ-tɕiʊŋ-ʈʂʰɑŋ-ʈʂʰɑʊ,da-wei-jiong-chang-chao
ㄗㄚ-ㄨㄤ-ㄔㄣ-ㄩ-ㄍㄨ,-a-uɑŋ-ʈʂʰən-y-ku,za-wang-chen-yu-gu
ㄘㄚ-ㄨㄛ-ㄎㄚ-ㄨㄣ-ㄩㄣ,-a-uɔ-kʰa-uən-yn,ca-wo-ka-wen-yun
ㄊㄚ-ㄨㄥ-ㄔㄥ-ㄔㄡ-ㄐㄩ,-a-uʊŋ-ʈʂʰəŋ-ʈʂʰɤu-tɕy,ta-weng-cheng-chou-ju
ㄨㄚ-ㄏㄚ-ㄏㄢ-ㄩㄝ-ㄧㄛ,-a-xa-xan-yɛ-iɔ,wa-ha-han-yue-yo
ㄏㄚ-ㄏㄞ-ㄐㄩ-ㄍㄢ-ㄩㄢ,-a-xaɪ-tɕy-kɑn-yɛn,ha-hai-ju-gan-yuan
ㄕㄚ-ㄏㄟ-ㄐㄩㄣ-ㄩㄥ-ㄔ,-a-xeɪ-tɕyn-yʊŋ-ʈʂʰɨ̹,sha-hei-jun-yong-chi
ㄔㄚ-ㄏㄨ-ㄐㄩㄣ-ㄤ-ㄔㄜ,-a-xu-tɕyn-ɑŋ-ʈʂʰɯʌ,cha-hu-jun-ang-che
ㄚ-ㄏㄤ-ㄔㄨㄥ-ㄨㄥA,-a-xɑŋ-ʈʂʰʊŋ-ʊŋ,a-hang-chong-wenga
ㄈㄚ-ㄏㄠ-ㄆㄧ-ㄋㄣ-ㄠ,-a-xɑʊ-pʰi-nən-ɑʊ,fa-hao-pi-nen-ao
ㄧㄚ-ㄏㄣ-ㄛ-ㄎㄢ-ㄒㄧ,-a-xən-ɔ-kʰan-ɕi,ya-hen-o-kan-xi
ㄍㄚ-ㄏㄥ,-a-xəŋ,ga-heng
ㄎㄚ-ㄏㄡ-ㄐㄩㄝ-ㄧㄝ-ㄧㄢ,-a-xɤu-tɕyɛ-iɛ-iɛn,ka-hou-jue-ye-yan
ㄌㄚ-ㄏㄜ-ㄋㄠ-ㄆㄨ-ㄐㄩㄢ,-a-xɯʌ-nɑʊ-pʰu-tɕyɛn,la-he-nao-pu-juan
ㄇㄚ-ㄏㄨㄥ,-a-xʊŋ,ma-hong
ㄋㄚ-ㄩ-ㄍㄤ,-a-y-kɑŋ,na-yu-gang
ㄅㄚ-ㄩㄣ-ㄒㄩㄥ,-a-yn-ɕiʊŋ,ba-yun-xiong
ㄆㄚ-ㄩㄝ-ㄧㄡ-ㄑㄧ-ㄋㄡ,-a-yɛ-iɤu-tɕʰi-nɤu,pa-yue-you-qi-nou
ㄙㄚ-ㄩㄢ-ㄒㄩ-ㄍㄠ-ㄆㄛ,-a-yɛn-ɕy-kɑʊ-pʰuɔ,sa-yuan-xu-gao-po
ㄉㄚ-ㄩㄥ,-a-yʊŋ,da-yong
ㄗㄚ-ㄤ,-a-ɑŋ,za-ang
ㄘㄚ-ㄠ-ㄆㄤ,-a-ɑʊ-pʰɑŋ,ca-ao-pang
ㄊㄚ-ㄛ-ㄎㄞ-ㄐㄩㄝ-ㄍㄚ,-a-ɔ-kʰaɪ-tɕyɛ-ka,ta-o-kai-jue-ga
ㄨㄚ-ㄒㄧ-ㄋㄜ-ㄋㄣ-ㄒㄩㄣ,-a-ɕi-nɯʌ-nən-ɕyn,wa-xi-ne-nen-xun
ㄏㄚ-ㄒㄩㄥ,-a-ɕiʊŋ,ha-xiong
ㄕㄚ-ㄒㄩ-ㄍㄣ-ㄒㄩㄝ-ㄍㄞ,-a-ɕy-kən-ɕyɛ-kaɪ,sha-xu-gen-xue-gai
ㄔㄚ-ㄒㄩㄣ-ㄒㄩㄢ-ㄣ-ㄦ,-a-ɕyn-ɕyɛn-ən-ɚ,cha-xun-xuan-en-er
ㄚ-ㄒㄩㄝ-ㄍㄟ-ㄐㄩㄢ-ㄡ,-a-ɕyɛ-keɪ-tɕyɛn-ɤu,a-xue-gei-juan-ou
ㄈㄚ-ㄒㄩㄢ-ㄧㄣ-ㄜ-ㄋㄡ,-a-ɕyɛn-ɪn-ɯʌ-nɤu,fa-xuan-yin-e-nou
ㄧㄚ-ㄣ-ㄖㄢ-ㄖㄨ-ㄑㄩㄥ,-a-ən-ɹan-ɹu-tɕʰiʊŋ,ya-en-ran-ru-qiong
ㄍㄚ-ㄦ-ㄢ-ㄖㄤ,-a-ɚ-an-ɹɑŋ,ga-er-an-rang
ㄎㄚ-ㄡ-ㄑㄩ-ㄍㄥ,-a-ɤu-tɕʰy-kəŋ,ka-ou-qu-geng
ㄌㄚ-ㄧㄣ-ㄖㄠ-ㄆㄠ-ㄆㄣ,-a-ɪn-ɹɑʊ-pʰɑʊ-pʰən,la-yin-rao-pao-pen
ㄇㄚ-ㄜ-ㄋㄜ-ㄋㄨㄥ,-a-ɯʌ-nɯʌ-nʊŋ,ma-e-ne-nong
ㄋㄚ-ㄖㄢ-ㄖㄣ-ㄖㄥ,-a-ɹan-ɹən-ɹəŋ,na-ran-ren-reng
ㄅㄚ-ㄖㄨ-ㄑㄩㄣ-ㄖㄡ-ㄑㄩㄝ,-a-ɹu-tɕʰyn-ɹɤu-tɕʰyɛ,ba-ru-qun-rou-que
ㄆㄚ-ㄖㄤ,-a-ɹɑŋ,pa-rang
ㄙㄚ-ㄖㄠ-ㄆㄡ-ㄑㄩㄢ-ㄖ,-a-ɹɑʊ-pʰɤu-tɕʰyɛn-ɹɨ̹,sa-rao-pou-quan-ri
ㄉㄚ-ㄖㄣ-ㄖㄜ-ㄅㄚ-ㄖㄥ,-a-ɹən-ɹɯʌ-pa-ɹəŋ,da-ren-re-ba-reng
ㄗㄚ-ㄖㄡ-ㄉㄥ,-a-ɹɤu-təŋ,za-rou-deng
ㄘㄚ-ㄖ-ㄈㄧ-ㄋㄨㄥ,-a-ɹɨ̹-fi-nʊŋ,ca-ri-fi-nong
ㄊㄚ-ㄖㄜ-ㄅㄢ-ㄖㄨㄥ,-a-ɹɯʌ-pan-ɹʊŋ,ta-re-ban-rong
ㄨㄚ-ㄖㄨㄥ,-a-ɹʊŋ,wa-rong
ㄏㄚ-ㄕㄚ-ㄕㄢ-ㄕㄚ-ㄕㄞ,-a-ʂa-ʂan-ʂa-ʂaɪ,ha-sha-shan-sha-shai
ㄕㄚ-ㄕㄟ-ㄑㄧ-ㄅㄚ-ㄕㄨ,-a-ʂeɪ-tɕʰi-pa-ʂu,sha-shei-qi-ba-shu
ㄔㄚ-ㄕㄤ,-a-ʂɑŋ,cha-shang
ㄚ-ㄕㄠ-ㄆㄜ-ㄅㄞ-ㄑㄩㄥ,-a-ʂɑʊ-pʰɯʌ-paɪ-tɕʰiʊŋ,a-shao-pe-bai-qiong
ㄈㄚ-ㄕㄣ-ㄕㄢ-ㄕㄞ-ㄑㄩ,-a-ʂən-ʂan-ʂaɪ-tɕʰy,fa-shen-shan-shai-qu
ㄧㄚ-ㄕㄥ,-a-ʂəŋ,ya-sheng
ㄍㄚ-ㄕㄡ-ㄉㄡ-ㄉㄜ-ㄅㄟ,-a-ʂɤu-tɤu-tɯʌ-peɪ,ga-shou-dou-de-bei
ㄎㄚ-ㄕ-ㄈㄨ-ㄉㄨㄥ,-a-ʂɨ̹-fu-tʊŋ,ka-shi-fu-dong
ㄌㄚ-ㄕㄜ-ㄅㄧ-ㄅㄢ-ㄕㄟ,-a-ʂɯʌ-pi-pan-ʂeɪ,la-she-bi-ban-shei
ㄇㄚ-ㄓㄢ-ㄕㄨ-ㄊㄚ-ㄓㄞ,-a-ʈʂan-ʂu-tʰa-ʈʂaɪ,ma-zhan-shu-ta-zhai
ㄋㄚ-ㄓㄟ-ㄑㄩㄣ-ㄕㄤ,-a-ʈʂeɪ-tɕʰyn-ʂɑŋ,na-zhei-qun-shang
ㄅㄚ-ㄓㄨ-ㄊㄢ-ㄕㄠ-ㄆㄥ,-a-ʈʂu-tʰan-ʂɑʊ-pʰʊŋ,ba-zhu-tan-shao-peng
ㄆㄚ-ㄓㄚ-ㄢ-ㄕㄣ-ㄕㄥ,-a-ʈʂɑ-an-ʂən-ʂəŋ,pa-zha-an-shen-sheng
ㄙㄚ-ㄓㄤ,-a-ʈʂɑŋ,sa-zhang
ㄉㄚ-ㄓㄠ-ㄙㄚ-ㄓㄣ-ㄕㄡ,-a-ʈʂɑʊ-sa-ʈʂən-ʂɤu,da-zhao-sa-zhen-shou
ㄗㄚ-ㄓㄥ,-a-ʈʂəŋ,za-zheng
ㄘㄚ-ㄓㄡ-ㄊㄞ-ㄑㄩㄝ-ㄍㄨ,-a-ʈʂɤu-tʰaɪ-tɕʰyɛ-ku,ca-zhou-tai-que-gu
ㄊㄚ-ㄓ-ㄈㄤ,-a-ʈʂɨ̹-fɑŋ,ta-zhi-fang
ㄨㄚ-ㄓㄜ-ㄅㄨ-ㄊㄧ-ㄅㄞ,-a-ʈʂɯʌ-pu-tʰi-paɪ,wa-zhe-bu-ti-bai
ㄏㄚ-ㄓㄨㄥ,-a-ʈʂʊŋ,ha-zhong
ㄕㄚ-ㄔㄚ-ㄔㄢ-ㄕ-ㄈㄛ,-a-ʈʂʰa-ʈʂʰan-ʂɨ̹-fɔ,sha-cha-chan-shi-fo
ㄔㄚ-ㄔㄞ-ㄑㄩㄢ-ㄕㄜ-ㄅㄛ,-a-ʈʂʰaɪ-tɕʰyɛn-ʂɯʌ-puɔ,cha-chai-quan-she-bo
ㄚ-ㄔㄨ-ㄊㄨ-ㄊㄤ,-a-ʈʂʰu-tʰu-tʰɑŋ,a-chu-tu-tang
ㄈㄚ-ㄔㄤ,-a-ʈʂʰɑŋ,fa-chang
ㄧㄚ-ㄔㄠ-ㄙㄢ-ㄓㄢ-ㄓㄞ,-a-ʈʂʰɑʊ-san-ʈʂan-ʈʂaɪ,ya-chao-san-zhan-zhai
ㄍㄚ-ㄔㄣ-ㄓㄟ-ㄉㄥ,-a-ʈʂʰən-ʈʂeɪ-təŋ,ga-chen-zhei-deng
ㄎㄚ-ㄔㄥ,-a-ʈʂʰəŋ,ka-cheng
ㄌㄚ-ㄔㄡ-ㄊㄠ-ㄙㄞ-ㄉㄡ,-a-ʈʂʰɤu-tʰɑʊ-saɪ-tɤu,la-chou-tao-sai-dou
ㄇㄚ-ㄔ-ㄈㄣ-ㄓㄨ-ㄊㄥ,-a-ʈʂʰɨ̹-fən-ʈʂu-tʰəŋ,ma-chi-fen-zhu-teng
ㄋㄚ-ㄔㄜ-ㄅㄤ,-a-ʈʂʰɯʌ-pɑŋ,na-che-bang
ㄅㄚ-ㄔㄨㄥ,-a-ʈʂʰʊŋ,ba-chong
ㄆㄚ-ㄨㄥA,-a-ʊŋ,pa-wenga
ㄞ-ㄅㄟ-ㄉㄜ-ㄅㄠ-ㄙㄨ,-i-peɪ-tɯʌ-pɑʊ-su,ai-bei-de-bao-su
ㄈㄧ-ㄅㄧ-ㄅㄨ-ㄊㄡ-ㄊㄜ,-i-pi-pu-tʰɤu-tʰɯʌ,fi-bi-bu-tou-te
ㄧ-ㄅㄛ-ㄎㄨ-ㄊㄨㄥ,-i-puɔ-kʰu-tʰʊŋ,yi-bo-ku-tong
ㄌㄧ-ㄅㄤ,-i-pɑŋ,li-bang
ㄇㄧ-ㄅㄠ-ㄙㄤ,-i-pɑʊ-sɑŋ,mi-bao-sang
ㄋㄧ-ㄅㄣ-ㄓㄚ-ㄈㄚ,-i-pən-ʈʂɑ-fa,ni-ben-zha-fa
ㄅㄧ-ㄅㄡ-ㄨ-ㄨㄚ,-i-pɤu-u-ua,bi-bou-wu-wa
ㄆㄧ-ㄅㄜ-ㄅㄣ-ㄓㄤ,-i-pɯʌ-pən-ʈʂɑŋ,pi-be-ben-zhang
ㄉㄧ-ㄅㄥ,-i-pʊŋ,di-beng
ㄐㄧ-ㄆㄚ,-i-pʰa,ji-pa
ㄑㄧ-ㄆㄢ-ㄓㄠ-ㄙㄠ-ㄙㄣ,-i-pʰan-ʈʂɑʊ-sɑʊ-sən,qi-pan-zhao-sao-sen
ㄊㄧ-ㄆㄞ-ㄉㄨㄥ,-i-pʰaɪ-tʊŋ,ti-pai-dong
ㄒㄧ-ㄆㄟ-ㄊㄚ,-i-pʰeɪ-tʰa,xi-pei-ta
ㄞ-ㄆㄧ-ㄆㄨ-ㄨㄢ-ㄓㄣ,-i-pʰi-pʰu-uan-ʈʂən,ai-pi-pu-wan-zhen
ㄈㄧ-ㄆㄛ-ㄎㄤ,-i-pʰuɔ-kʰɑŋ,fi-po-kang
ㄧ-ㄆㄤ,-i-pʰɑŋ,yi-pang
ㄌㄧ-ㄆㄠ-ㄙㄥ,-i-pʰɑʊ-səŋ,li-pao-seng
ㄇㄧ-ㄆㄣ-ㄓㄥ,-i-pʰən-ʈʂəŋ,mi-pen-zheng
ㄋㄧ-ㄆㄡ-ㄨㄞ-ㄊㄢ-ㄓㄡ,-i-pʰɤu-uaɪ-tʰan-ʈʂɤu,ni-pou-wai-tan-zhou
ㄅㄧ-ㄆㄜ-ㄅㄡ-ㄨㄟ-ㄊㄞ,-i-pʰɯʌ-pɤu-ueɪ-tʰaɪ,bi-pe-bou-wei-tai
ㄆㄧ-ㄆㄥ,-i-pʰʊŋ,pi-peng
ㄉㄧ-ㄙㄚ,-i-sa,di-sa
ㄐㄧ-ㄙㄢ-ㄓ-ㄈㄡ-ㄙㄡ,-i-san-ʈʂɨ̹-fɤʊ-sɤu,ji-san-zhi-fou-sou
ㄑㄧ-ㄙㄞ-ㄊㄧ-ㄙㄨ-ㄨㄤ,-i-saɪ-tʰi-su-uɑŋ,qi-sai-ti-su-wang
ㄊㄧ-ㄙㄤ,-i-sɑŋ,ti-sang
ㄒㄧ-ㄙㄠ-ㄙ-ㄧㄞ-ㄊㄨ,-i-sɑʊ-sɨ-iaɪ-tʰu,xi-sao-si-yai-tu
ㄞ-ㄙㄣ-ㄓㄜ-ㄅㄜ-ㄅㄥ,-i-sən-ʈʂɯʌ-pɯʌ-pʊŋ,ai-sen-zhe-be-beng
ㄈㄧ-ㄙㄥ,-i-səŋ,fi-seng
ㄧ-ㄙㄡ-ㄨㄛ-ㄎㄠ-ㄙㄜ,-i-sɤu-uɔ-kʰɑʊ-sɯʌ,yi-sou-wo-kao-se
ㄌㄧ-ㄙ-ㄧㄥ,-i-sɨ-iŋ,li-si-ying
ㄇㄧ-ㄙㄜ-ㄆㄚ,-i-sɯʌ-pʰa,mi-se-pa
ㄋㄧ-ㄙㄨㄥ,-i-sʊŋ,ni-song
ㄅㄧ-ㄉㄚ,-i-ta,bi-da
ㄆㄧ-ㄉㄢ-ㄓㄨㄥ,-i-tan-ʈʂʊŋ,pi-dan-zhong
ㄉㄧ-ㄉㄞ-ㄊㄤ,-i-taɪ-tʰɑŋ,di-dai-tang
ㄐㄧ-ㄉㄟ-ㄊㄠ-ㄙㄨㄥ,-i-teɪ-tʰɑʊ-sʊŋ,ji-dei-tao-song
ㄑㄧ-ㄉㄧ-ㄗㄚ,-i-ti-tsa,qi-di-za
ㄊㄧ-ㄗㄢ-ㄔㄚ,-i-tsan-ʈʂʰa,ti-zan-cha
ㄒㄧ-ㄗㄞ-ㄊㄥ,-i-tsaɪ-tʰəŋ,xi-zai-teng
ㄞ-ㄗㄟ-ㄊㄡ-ㄨㄣ-ㄔㄢ,-i-tseɪ-tʰɤu-uən-ʈʂʰan,ai-zei-tou-wen-chan
ㄈㄧ-ㄗㄨ-ㄨㄥ,-i-tsu-uʊŋ,fi-zu-weng
ㄧ-ㄗㄤ,-i-tsɑŋ,yi-zang
ㄌㄧ-ㄗㄠ-ㄉㄚ,-i-tsɑʊ-ta,li-zao-da
ㄇㄧ-ㄗㄣ-ㄔㄞ-ㄊㄜ-ㄆㄢ,-i-tsən-ʈʂʰaɪ-tʰɯʌ-pʰan,mi-zen-chai-te-pan
ㄋㄧ-ㄗㄥ,-i-tsəŋ,ni-zeng
ㄅㄧ-ㄗㄡ-ㄏㄚ,-i-tsɤu-xa,bi-zou-ha
ㄆㄧ-ㄗ-ㄧㄤ,-i-tsɨ-iɑŋ,pi-zi-yang
ㄉㄧ-ㄗㄜ-ㄆㄞ-ㄊㄨㄥ,-i-tsɯʌ-pʰaɪ-tʰʊŋ,di-ze-pai-tong
ㄐㄧ-ㄗㄨㄥ,-i-tsʊŋ,ji-zong
ㄑㄧ-ㄘㄚ,-i-tsʰa,qi-ca
ㄊㄧ-ㄘㄢ-ㄔㄨ-ㄏㄢ-ㄔㄤ,-i-tsʰan-ʈʂʰu-xan-ʈʂʰɑŋ,ti-can-chu-han-chang
ㄒㄧ-ㄘㄞ-ㄨ-ㄏㄞ-ㄨㄚ,-i-tsʰaɪ-u-xaɪ-ua,xi-cai-wu-hai-wa
ㄞ-ㄘㄨ-ㄏㄟ-ㄨㄢ-ㄔㄠ,-i-tsʰu-xeɪ-uan-ʈʂʰɑʊ,ai-cu-hei-wan-chao
ㄈㄧ-ㄘㄤ,-i-tsʰɑŋ,fi-cang
ㄧ-ㄘㄠ-ㄉㄢ-ㄔㄣ-ㄔㄥ,-i-tsʰɑʊ-tan-ʈʂʰən-ʈʂʰəŋ,yi-cao-dan-chen-cheng
ㄌㄧ-ㄘㄣ-ㄔㄡ-ㄏㄨ-ㄏㄤ,-i-tsʰən-ʈʂʰɤu-xu-xɑŋ,li-cen-chou-hu-hang
ㄇㄧ-ㄘㄥ,-i-tsʰəŋ,mi-ceng
ㄋㄧ-ㄘㄡ-ㄏㄠ-ㄉㄞ-ㄨㄞ,-i-tsʰɤu-xɑʊ-taɪ-uaɪ,ni-cou-hao-dai-wai
ㄅㄧ-ㄘ-ㄧㄠ-ㄉㄟ-ㄨㄟ,-i-tsʰɨ-iɑʊ-teɪ-ueɪ,bi-ci-yao-dei-wei
ㄆㄧ-ㄘㄜ-ㄆㄟ-ㄨㄤ,-i-tsʰɯʌ-pʰeɪ-uɑŋ,pi-ce-pei-wang
ㄉㄧ-ㄘㄨㄥ,-i-tsʰʊŋ,di-cong
ㄐㄧ-ㄉㄨ-ㄏㄣ-ㄔ-ㄈㄜ,-i-tu-xən-ʈʂʰɨ̹-fɯʌ,ji-du-hen-chi-fe
ㄑㄧ-ㄉㄤ,-i-tɑŋ,qi-dang
ㄊㄧ-ㄉㄠ-ㄉㄧ-ㄐㄧ-ㄐㄩㄥ,-i-tɑʊ-ti-tɕi-tɕiʊŋ,ti-dao-di-ji-jiong
ㄒㄧ-ㄐㄩ-ㄍㄡ-ㄏㄥ,-i-tɕy-kɤu-xəŋ,xi-ju-gou-heng
ㄞ-ㄐㄩㄣ-ㄔㄜ-ㄆㄧ-ㄐㄩㄝ,-i-tɕyn-ʈʂʰɯʌ-pʰi-tɕyɛ,ai-jun-che-pi-jue
ㄈㄧ-ㄐㄩㄢ-ㄔㄨㄥ,-i-tɕyɛn-ʈʂʰʊŋ,fi-juan-chong
ㄧ-ㄑㄧ-ㄑㄩㄥ,-i-tɕʰi-tɕʰiʊŋ,yi-qi-qiong
ㄌㄧ-ㄑㄩ-ㄍㄜ-ㄆㄨ-ㄏㄡ,-i-tɕʰy-kɯʌ-pʰu-xɤu,li-qu-ge-pu-hou
ㄇㄧ-ㄑㄩㄣ-ㄨㄥA,-i-tɕʰyn-ʊŋ,mi-qun-wenga
ㄋㄧ-ㄑㄩㄝ-ㄍㄢ,-i-tɕʰyɛ-kɑn,ni-que-gan
ㄅㄧ-ㄑㄩㄢ,-i-tɕʰyɛn,bi-quan
ㄆㄧ-ㄉㄥ,-i-təŋ,pi-deng
ㄉㄧ-ㄉㄡ-ㄏㄜ-ㄆㄛ-ㄎㄣ,-i-tɤu-xɯʌ-pʰuɔ-kʰən,di-dou-he-po-ken
ㄐㄧ-ㄉㄜ-ㄆㄤ,-i-tɯʌ-pʰɑŋ,ji-de-pang
ㄑㄧ-ㄉㄨㄥ,-i-tʊŋ,qi-dong
ㄊㄧ-ㄊㄚ,-i-tʰa,ti-ta
ㄒㄧ-ㄊㄢ,-i-tʰan,xi-tan
ㄞ-ㄊㄞ-ㄨㄛ-ㄎㄥ,-i-tʰaɪ-uɔ-kʰəŋ,ai-tai-wo-keng
ㄈㄧ-ㄊㄧ-ㄊㄨ-ㄏㄨㄥ,-i-tʰi-tʰu-xʊŋ,fi-ti-tu-hong
ㄧ-ㄊㄤ,-i-tʰɑŋ,yi-tang
ㄌㄧ-ㄊㄠ-ㄗㄚ,-i-tʰɑʊ-tsa,li-tao-za
ㄇㄧ-ㄊㄥ,-i-tʰəŋ,mi-teng
ㄋㄧ-ㄊㄡ-ㄩ-ㄍㄨㄥ,-i-tʰɤu-y-kʊŋ,ni-tou-yu-gong
ㄅㄧ-ㄊㄜ-ㄆㄠ-ㄗㄢ,-i-tʰɯʌ-pʰɑʊ-tsan,bi-te-pao-zan
ㄆㄧ-ㄊㄨㄥ,-i-tʰʊŋ,pi-tong
ㄉㄧ-ㄨ-ㄩㄣ,-i-u-yn,di-wu-yun
ㄐㄧ-ㄨㄚ,-i-ua,ji-wa
ㄑㄧ-ㄨㄢ,-i-uan,qi-wan
ㄊㄧ-ㄨㄞ-ㄨㄣ,-i-uaɪ-uən,ti-wai-wen
ㄒㄧ-ㄨㄟ-ㄨㄥ,-i-ueɪ-uʊŋ,xi-wei-weng
ㄞ-ㄨㄤ,-i-uɑŋ,ai-wang
ㄈㄧ-ㄨㄛ-ㄎㄡ-ㄩㄝ-ㄍㄤ,-i-uɔ-kʰɤu-yɛ-kɑŋ,fi-wo-kou-yue-gang
ㄧ-ㄨㄣ,-i-uən,yi-wen
ㄌㄧ-ㄨㄥ,-i-uʊŋ,li-weng
ㄇㄧ-ㄏㄚ,-i-xa,mi-ha
ㄋㄧ-ㄏㄢ,-i-xan,ni-han
ㄅㄧ-ㄏㄞ-ㄏㄚ,-i-xaɪ-xa,bi-hai-ha
ㄆㄧ-ㄏㄟ-ㄏㄢ,-i-xeɪ-xan,pi-hei-han
ㄉㄧ-ㄏㄨ-ㄩㄢ,-i-xu-yɛn,di-hu-yuan
ㄐㄧ-ㄏㄤ,-i-xɑŋ,ji-hang
ㄑㄧ-ㄏㄠ-ㄗㄞ-ㄏㄞ-ㄏㄟ,-i-xɑʊ-tsaɪ-xaɪ-xeɪ,qi-hao-zai-hai-hei
ㄊㄧ-ㄏㄣ,-i-xən,ti-hen
ㄒㄧ-ㄏㄥ,-i-xəŋ,xi-heng
ㄞ-ㄏㄡ-ㄩㄥ,-i-xɤu-yʊŋ,ai-hou-yong
ㄈㄧ-ㄏㄜ-ㄆㄣ,-i-xɯʌ-pʰən,fi-he-pen
ㄧ-ㄏㄨㄥ,-i-xʊŋ,yi-hong
ㄌㄧ-ㄩ-ㄎㄚ,-i-y-kʰa,li-yu-ka
ㄇㄧ-ㄩㄣ,-i-yn,mi-yun
ㄋㄧ-ㄩㄝ-ㄍㄠ-ㄗㄟ-ㄏㄨ,-i-yɛ-kɑʊ-tseɪ-xu,ni-yue-gao-zei-hu
ㄅㄧ-ㄩㄢ,-i-yɛn,bi-yuan
ㄆㄧ-ㄩㄥ,-i-yʊŋ,pi-yong
ㄉㄧ-ㄤ,-i-ɑŋ,di-ang
ㄐㄧ-ㄠ-ㄗㄨ-ㄤ,-i-ɑʊ-tsu-ɑŋ,ji-ao-zu-ang
ㄑㄧ-ㄛ-ㄎㄜ-ㄆㄡ-ㄠ,-i-ɔ-kʰɯʌ-pʰɤu-ɑʊ,qi-o-ke-pou-ao
ㄊㄧ-ㄒㄧ-ㄒㄩㄥ,-i-ɕi-ɕiʊŋ,ti-xi-xiong
ㄒㄧ-ㄒㄩ-ㄎㄢ,-i-ɕy-kʰan,xi-xu-kan
ㄞ-ㄒㄩㄣ,-i-ɕyn,ai-xun
ㄈㄧ-ㄒㄩㄝ-ㄍㄣ,-i-ɕyɛ-kən,fi-xue-gen
ㄧ-ㄒㄩㄢ,-i-ɕyɛn,yi-xuan
ㄌㄧ-ㄣ,-i-ən,li-en
ㄇㄧ-ㄦ-ㄈㄚ,-i-ɚ-fa,mi-er-fa
ㄋㄧ-ㄡ-ㄛ-ㄎㄨㄥ,-i-ɤu-ɔ-kʰʊŋ,ni-ou-o-kong
ㄅㄧ-ㄧㄣ,-i-ɪn,bi-yin
ㄆㄧ-ㄜ-ㄆㄜ-ㄆㄥ,-i-ɯʌ-pʰɯʌ-pʰʊŋ,pi-e-pe-peng
ㄉㄧ-ㄖㄢ,-i-ɹan,di-ran
ㄐㄧ-ㄖㄨ-ㄒㄧ-ㄖㄤ,-i-ɹu-ɕi-ɹɑŋ,ji-ru-xi-rang
ㄑㄧ-ㄖㄠ-ㄗㄤ,-i-ɹɑʊ-tsɑŋ,qi-rao-zang
ㄊㄧ-ㄖㄣ,-i-ɹən,ti-ren
ㄒㄧ-ㄖㄥ,-i-ɹəŋ,xi-reng
ㄞ-ㄖㄡ-ㄒㄩㄥ,-i-ɹɤu-ɕiʊŋ,ai-rou-xiong
ㄈㄧ-ㄖ-ㄈㄥ,-i-ɹɨ̹-fʊŋ,fi-ri-feng
ㄧ-ㄖㄜ-ㄙㄚ,-i-ɹɯʌ-sa,yi-re-sa
ㄌㄧ-ㄖㄨㄥ,-i-ɹʊŋ,li-rong
ㄇㄧ-ㄕㄚ,-i-ʂa,mi-sha
ㄋㄧ-ㄕㄢ,-i-ʂan,ni-shan
ㄅㄧ-ㄕㄞ-ㄏㄤ,-i-ʂaɪ-xɑŋ,bi-shai-hang
ㄆㄧ-ㄕㄟ-ㄏㄠ-ㄗㄠ-ㄗㄣ,-i-ʂeɪ-xɑʊ-tsɑʊ-tsən,pi-shei-hao-zao-zen
ㄉㄧ-ㄕㄨ-ㄒㄩ-ㄎㄞ-ㄏㄣ,-i-ʂu-ɕy-kʰaɪ-xən,di-shu-xu-kai-hen
ㄐㄧ-ㄕㄤ,-i-ʂɑŋ,ji-shang
ㄑㄧ-ㄕㄠ-ㄗㄥ,-i-ʂɑʊ-tsəŋ,qi-shao-zeng
ㄊㄧ-ㄕㄣ,-i-ʂən,ti-shen
ㄒㄧ-ㄕㄥ,-i-ʂəŋ,xi-sheng
ㄞ-ㄕㄡ-ㄒㄩㄣ,-i-ʂɤu-ɕyn,ai-shou-xun
ㄈㄧ-ㄕ-ㄧ-ㄕㄜ-ㄙㄢ,-i-ʂɨ̹-i-ʂɯʌ-san,fi-shi-yi-she-san
ㄧ-ㄓㄢ,-i-ʈʂan,yi-zhan
ㄌㄧ-ㄓㄞ-ㄏㄥ,-i-ʈʂaɪ-xəŋ,li-zhai-heng
ㄇㄧ-ㄓㄟ-ㄏㄡ-ㄒㄩㄝ-ㄍㄥ,-i-ʈʂeɪ-xɤu-ɕyɛ-kəŋ,mi-zhei-hou-xue-geng
ㄋㄧ-ㄓㄨ-ㄒㄩㄢ,-i-ʈʂu-ɕyɛn,ni-zhu-xuan
ㄅㄧ-ㄓㄚ-ㄈㄢ,-i-ʈʂɑ-fan,bi-zha-fan
ㄆㄧ-ㄓㄤ,-i-ʈʂɑŋ,pi-zhang
ㄉㄧ-ㄓㄠ-ㄗㄡ-ㄣ,-i-ʈʂɑʊ-tsɤu-ən,di-zhao-zou-en
ㄐㄧ-ㄓㄣ,-i-ʈʂən,ji-zhen
ㄑㄧ-ㄓㄥ,-i-ʈʂəŋ,qi-zheng
ㄊㄧ-ㄓㄡ-ㄦ-ㄈㄢ,-i-ʈʂɤu-ɚ-fan,ti-zhou-er-fan
ㄒㄧ-ㄓ-ㄧㄚ,-i-ʈʂɨ̹-ia,xi-zhi-ya
ㄞ-ㄓㄜ-ㄙㄞ-ㄏㄜ-ㄙㄨ,-i-ʈʂɯʌ-saɪ-xɯʌ-su,ai-zhe-sai-he-su
ㄈㄧ-ㄓㄨㄥ,-i-ʈʂʊŋ,fi-zhong
ㄧ-ㄔㄚ,-i-ʈʂʰa,yi-cha
ㄌㄧ-ㄔㄢ,-i-ʈʂʰan,li-chan
ㄇㄧ-ㄔㄞ-ㄏㄨㄥ,-i-ʈʂʰaɪ-xʊŋ,mi-chai-hong
ㄋㄧ-ㄔㄨ-ㄡ-ㄧㄣ,-i-ʈʂʰu-ɤu-ɪn,ni-chu-ou-yin
ㄅㄧ-ㄔㄤ,-i-ʈʂʰɑŋ,bi-chang
ㄆㄧ-ㄔㄠ-ㄗ-ㄧㄛ-ㄌㄚ,-i-ʈʂʰɑʊ-tsɨ-iɔ-la,pi-chao-zi-yo-la
ㄉㄧ-ㄔㄣ,-i-ʈʂʰən,di-chen
ㄐㄧ-ㄔㄥ,-i-ʈʂʰəŋ,ji-cheng
ㄑㄧ-ㄔㄡ-ㄜ-ㄙㄤ,-i-ʈʂʰɤu-ɯʌ-sɑŋ,qi-chou-e-sang
ㄊㄧ-ㄔ-ㄧㄞ-ㄩ-ㄎㄨ,-i-ʈʂʰɨ̹-iaɪ-y-kʰu,ti-chi-yai-yu-ku
ㄒㄧ-ㄔㄜ-ㄙㄠ-ㄗㄜ-ㄙㄣ,-i-ʈʂʰɯʌ-sɑʊ-tsɯʌ-sən,xi-che-sao-ze-sen
ㄞ-ㄔㄨㄥ,-i-ʈʂʰʊŋ,ai-chong
ㄈㄧ-ㄨㄥA,-i-ʊŋ,fi-wenga
ㄗㄡ-ㄖㄢ,-u-ɹan,zou-ran
ㄘㄨ-ㄖㄨ-ㄖㄤ,-u-ɹu-ɹɑŋ,cu-ru-rang
ㄘㄡ-ㄖㄠ-ㄗㄨㄥ,-u-ɹɑʊ-tsʊŋ,cou-rao-zong
ㄉㄨ-ㄖㄣ,-u-ɹən,du-ren
ㄉㄡ-ㄖㄥ,-u-ɹəŋ,dou-reng
ㄊㄨ-ㄖㄡ-ㄖ-ㄧㄥ,-u-ɹɤu-ɹɨ̹-iŋ,tu-rou-ri-ying
ㄊㄡ-ㄖㄜ-ㄙㄥ,-u-ɹɯʌ-səŋ,tou-re-seng
ㄨ-ㄖㄨㄥ,-u-ɹʊŋ,wu-rong
ㄏㄨ-ㄕㄚ,-u-ʂa,hu-sha
ㄏㄡ-ㄕㄢ,-u-ʂan,hou-shan
ㄡ-ㄕㄞ-ㄩㄣ,-u-ʂaɪ-yn,ou-shai-yun
ㄖㄨ-ㄕㄟ-ㄩㄝ-ㄍㄡ-ㄕㄨ,-u-ʂeɪ-yɛ-kɤu-ʂu,ru-shei-yue-gou-shu
ㄖㄡ-ㄕㄤ,-u-ʂɑŋ,rou-shang
ㄕㄨ-ㄕㄠ-ㄘㄚ,-u-ʂɑʊ-tsʰa,shu-shao-ca
ㄕㄡ-ㄕㄣ,-u-ʂən,shou-shen
ㄓㄨ-ㄕㄥ,-u-ʂəŋ,zhu-sheng
ㄓㄡ-ㄕㄡ-ㄕ-ㄧㄤ,-u-ʂɤu-ʂɨ̹-iɑŋ,zhou-shou-shi-yang
ㄔㄨ-ㄕㄜ-ㄙㄡ-ㄓㄢ,-u-ʂɯʌ-sɤu-ʈʂan,chu-she-sou-zhan
ㄔㄡ-ㄓㄞ-ㄩㄢ,-u-ʈʂaɪ-yɛn,chou-zhai-yuan
ㄈㄨ-ㄓㄟ-ㄩㄥ,-u-ʈʂeɪ-yʊŋ,fu-zhei-yong
ㄧㄡ-ㄓㄨ-ㄓㄚ-ㄈㄟ-ㄤ,-u-ʈʂu-ʈʂɑ-feɪ-ɑŋ,you-zhu-zha-fei-ang
ㄍㄨ-ㄓㄤ,-u-ʈʂɑŋ,gu-zhang
ㄍㄡ-ㄓㄠ-ㄘㄢ,-u-ʈʂɑʊ-tsʰan,gou-zhao-can
ㄎㄨ-ㄓㄣ,-u-ʈʂən,ku-zhen
ㄎㄡ-ㄓㄥ,-u-ʈʂəŋ,kou-zheng
ㄌㄨ-ㄓㄡ-ㄓ-ㄧㄠ-ㄘㄞ,-u-ʈʂɤu-ʈʂɨ̹-iɑʊ-tsʰaɪ,lu-zhou-zhi-yao-cai
ㄌㄡ-ㄓㄜ-ㄙ-ㄧㄝ-ㄍㄜ,-u-ʈʂɯʌ-sɨ-iɛ-kɯʌ,lou-zhe-si-ye-ge
ㄇㄨ-ㄓㄨㄥ,-u-ʈʂʊŋ,mu-zhong
ㄋㄨ-ㄔㄚ,-u-ʈʂʰa,nu-cha
ㄋㄡ-ㄔㄢ,-u-ʈʂʰan,nou-chan
ㄅㄨ-ㄔㄞ-ㄠ-ㄘㄨ-ㄔㄨ,-u-ʈʂʰaɪ-ɑʊ-tsʰu-ʈʂʰu,bu-chai-ao-cu-chu
ㄅㄡ-ㄔㄤ,-u-ʈʂʰɑŋ,bou-chang
ㄆㄨ-ㄔㄠ-ㄘㄤ,-u-ʈʂʰɑʊ-tsʰɑŋ,pu-chao-cang
ㄆㄡ-ㄔㄣ,-u-ʈʂʰən,pou-chen
ㄙㄨ-ㄔㄥ,-u-ʈʂʰəŋ,su-cheng
ㄙㄡ-ㄔㄡ-ㄔ-ㄧㄛ-ㄌㄢ,-u-ʈʂʰɤu-ʈʂʰɨ̹-iɔ-lan,sou-chou-chi-yo-lan
ㄗㄨ-ㄔㄜ-ㄙㄜ-ㄙㄨㄥ,-u-ʈʂʰɯʌ-sɯʌ-sʊŋ,zu-che-se-song
ㄗㄡ-ㄔㄨㄥ,-u-ʈʂʰʊŋ,zou-chong
ㄘㄨ-ㄨㄥA,-u-ʊŋ,cu-wenga
ㄒㄩ-ㄎㄤ,-y-kʰɑŋ,xu-kang
ㄌㄩ-ㄎㄠ-ㄘㄠ-ㄘㄣ,-y-kʰɑʊ-tsʰɑʊ-tsʰən,lv-kao-cao-cen
ㄋㄩ-ㄎㄣ,-y-kʰən,nv-ken
ㄐㄩ-ㄎㄥ,-y-kʰəŋ,ju-keng
ㄑㄩ-ㄎㄡ,-y-kʰɤu,qu-kou
ㄩ-ㄎㄜ-ㄉㄚ,-y-kʰɯʌ-ta,yu-ke-da
ㄒㄩ-ㄎㄨㄥ,-y-kʰʊŋ,xu-kong
ㄌㄩ-ㄌㄚ,-y-la,lv-la
ㄋㄩ-ㄌㄢ,-y-lan,nv-lan
ㄐㄩ-ㄌㄞ-ㄛ-ㄌㄞ-ㄒㄧ,-y-laɪ-ɔ-laɪ-ɕi,ju-lai-o-lai-xi
ㄑㄩ-ㄌㄟ-ㄒㄩㄥ,-y-leɪ-ɕiʊŋ,qu-lei-xiong
ㄩ-ㄌㄧ,-y-li,yu-li
ㄒㄩ-ㄌㄨ,-y-lu,xu-lu
ㄌㄩ-ㄌㄩ-ㄌㄩㄣ,-y-ly-lyn,lv-lv-lvn
ㄋㄩ-ㄌㄩㄝ-ㄍㄨㄥ,-y-lyɛ-kʊŋ,nv-lue-gong
ㄐㄩ-ㄌㄩㄢ,-y-lyɛn,ju-lvan
ㄑㄩ-ㄌㄤ,-y-lɑŋ,qu-lang
ㄩ-ㄌㄠ-ㄘㄥ,-y-lɑʊ-tsʰəŋ,yu-lao-ceng
ㄒㄩ-ㄌㄥ,-y-ləŋ,xu-leng
ㄌㄩ-ㄌㄡ,-y-lɤu,lv-lou
ㄋㄩ-ㄌㄜ-ㄉㄢ,-y-lɯʌ-tan,nv-le-dan
ㄐㄩ-ㄌㄨㄥ,-y-lʊŋ,ju-long
ㄑㄩ-ㄇㄚ,-y-ma,qu-ma
ㄩ-ㄇㄢ,-y-man,yu-man
ㄒㄩ-ㄇㄞ-ㄒㄩ-ㄇㄟ-ㄒㄩㄣ,-y-maɪ-ɕy-meɪ-ɕyn,xu-mai-xu-mei-xun
ㄌㄩ-ㄇㄧ,-y-mi,lv-mi
ㄋㄩ-ㄇㄨ,-y-mu,nv-mu
ㄐㄩ-ㄇㄛ-ㄌㄟ-ㄒㄩㄝ-ㄎㄚ,-y-muɔ-leɪ-ɕyɛ-kʰa,ju-mo-lei-xue-ka
ㄑㄩ-ㄇㄤ,-y-mɑŋ,qu-mang
ㄩ-ㄇㄠ-ㄘㄡ,-y-mɑʊ-tsʰɤu,yu-mao-cou
ㄒㄩ-ㄇㄣ,-y-mən,xu-men
ㄌㄩ-ㄇㄡ-ㄘ-ㄧㄢ,-y-mɤʊ-tsʰɨ-iɛn,lv-mou-ci-yan
ㄋㄩ-ㄇㄜ-ㄉㄞ-ㄒㄩㄢ,-y-mɯʌ-taɪ-ɕyɛn,nv-me-dai-xuan
ㄐㄩ-ㄇㄥ,-y-mʊŋ,ju-meng
ㄑㄩ-ㄋㄚ,-y-na,qu-na
ㄩ-ㄋㄢ,-y-nan,yu-nan
ㄒㄩ-ㄋㄞ-ㄣ,-y-naɪ-ən,xu-nai-en
ㄌㄩ-ㄋㄟ-ㄦ-ㄈㄟ-ㄡ,-y-neɪ-ɚ-feɪ-ɤu,lv-nei-er-fei-ou
ㄋㄩ-ㄋㄧ,-y-ni,nv-ni
ㄐㄩ-ㄋㄨ,-y-nu,ju-nu
ㄑㄩ-ㄋㄩ-ㄋㄤ,-y-ny-nɑŋ,qu-nv-nang
ㄩ-ㄋㄠ-ㄘㄜ-ㄉㄟ-ㄧㄣ,-y-nɑʊ-tsʰɯʌ-teɪ-ɪn,yu-nao-ce-dei-yin
ㄒㄩ-ㄋㄣ,-y-nən,xu-nen
ㄌㄩ-ㄋㄡ,-y-nɤu,lv-nou
ㄋㄩ-ㄋㄜ-ㄉㄧ,-y-nɯʌ-ti,nv-ne-di
ㄐㄩ-ㄋㄨㄥ,-y-nʊŋ,ju-nong
ㄑㄩ-ㄅㄚ,-y-pa,qu-ba
ㄩ-ㄅㄢ,-y-pan,yu-ban
ㄒㄩ-ㄅㄞ-ㄜ-ㄗㄚ,-y-paɪ-ɯʌ-tsa,xu-bai-e-za
ㄌㄩ-ㄅㄟ-ㄖㄢ,-y-peɪ-ɹan,lv-bei-ran
ㄋㄩ-ㄅㄧ,-y-pi,nv-bi
ㄐㄩ-ㄅㄨ,-y-pu,ju-bu
ㄑㄩ-ㄅㄛ-ㄌㄧ,-y-puɔ-li,qu-bo-li
ㄩ-ㄅㄤ,-y-pɑŋ,yu-bang
ㄒㄩ-ㄅㄠ-ㄘㄨㄥ,-y-pɑʊ-tsʰʊŋ,xu-bao-cong
ㄌㄩ-ㄅㄣ,-y-pən,lv-ben
ㄋㄩ-ㄅㄡ,-y-pɤu,nv-bou
ㄐㄩ-ㄅㄜ-ㄗㄢ,-y-pɯʌ-tsan,ju-be-zan
ㄑㄩ-ㄅㄥ,-y-pʊŋ,qu-beng
ㄩ-ㄆㄚ,-y-pʰa,yu-pa
ㄒㄩ-ㄆㄢ,-y-pʰan,xu-pan
ㄌㄩ-ㄆㄞ-ㄖㄨ,-y-pʰaɪ-ɹu,lv-pai-ru
ㄋㄩ-ㄆㄟ-ㄖㄤ,-y-pʰeɪ-ɹɑŋ,nv-pei-rang
ㄐㄩ-ㄆㄧ,-y-pʰi,ju-pi
ㄑㄩ-ㄆㄨ,-y-pʰu,qu-pu
ㄩ-ㄆㄛ-ㄌㄨ,-y-pʰuɔ-lu,yu-po-lu
ㄒㄩ-ㄆㄤ,-y-pʰɑŋ,xu-pang
ㄌㄩ-ㄆㄠ-ㄉㄨ,-y-pʰɑʊ-tu,lv-pao-du
ㄋㄩ-ㄆㄣ,-y-pʰən,nv-pen
ㄐㄩ-ㄆㄡ,-y-pʰɤu,ju-pou
ㄑㄩ-ㄆㄜ-ㄗㄞ-ㄖㄠ-ㄉㄤ,-y-pʰɯʌ-tsaɪ-ɹɑʊ-tɑŋ,qu-pe-zai-rao-dang
ㄩ-ㄆㄥ,-y-pʰʊŋ,yu-peng
ㄒㄩ-ㄙㄚ,-y-sa,xu-sa
ㄌㄩ-ㄙㄢ,-y-san,lv-san
ㄋㄩ-ㄙㄞ-ㄖㄣ,-y-saɪ-ɹən,nv-sai-ren
ㄐㄩ-ㄙㄨ,-y-su,ju-su
ㄑㄩ-ㄙㄤ,-y-sɑŋ,qu-sang
ㄩ-ㄙㄠ-ㄉㄠ-ㄐㄧ,-y-sɑʊ-tɑʊ-tɕi,yu-sao-dao-ji
ㄒㄩ-ㄙㄣ,-y-sən,xu-sen
ㄌㄩ-ㄙㄥ,-y-səŋ,lv-seng
ㄋㄩ-ㄙㄡ,-y-sɤu,nv-sou
ㄐㄩ-ㄙ-ㄧㄡ,-y-sɨ-iɤu,ju-si-you
ㄑㄩ-ㄙㄜ-ㄗㄟ-ㄖㄥ,-y-sɯʌ-tseɪ-ɹəŋ,qu-se-zei-reng
ㄩ-ㄙㄨㄥ,-y-sʊŋ,yu-song
ㄒㄩ-ㄉㄚ,-y-ta,xu-da
ㄌㄩ-ㄉㄢ,-y-tan,lv-dan
ㄋㄩ-ㄉㄞ-ㄖㄡ,-y-taɪ-ɹɤu,nv-dai-rou
ㄐㄩ-ㄉㄟ-ㄖ-ㄧㄝ-ㄎㄢ,-y-teɪ-ɹɨ̹-iɛ-kʰan,ju-dei-ri-ye-kan
ㄑㄩ-ㄉㄧ,-y-ti,qu-di
ㄩ-ㄗㄚ,-y-tsa,yu-za
ㄒㄩ-ㄗㄢ,-y-tsan,xu-zan
ㄌㄩ-ㄗㄞ-ㄖㄜ-ㄗㄨ,-y-tsaɪ-ɹɯʌ-tsu,lv-zai-re-zu
ㄋㄩ-ㄗㄟ-ㄖㄨㄥ,-y-tseɪ-ɹʊŋ,nv-zei-rong
ㄐㄩ-ㄗㄨ,-y-tsu,ju-zu
ㄑㄩ-ㄗㄤ,-y-tsɑŋ,qu-zang
ㄩ-ㄗㄠ-ㄐㄩㄥ,-y-tsɑʊ-tɕiʊŋ,yu-zao-jiong
ㄒㄩ-ㄗㄣ,-y-tsən,xu-zen
ㄌㄩ-ㄗㄥ,-y-tsəŋ,lv-zeng
ㄋㄩ-ㄗㄡ,-y-tsɤu,nv-zou
ㄐㄩ-ㄗ-ㄍㄚ,-y-tsɨ-ka,ju-zi-ga
ㄑㄩ-ㄗㄜ-ㄗㄤ,-y-tsɯʌ-tsɑŋ,qu-ze-zang
ㄩ-ㄗㄨㄥ,-y-tsʊŋ,yu-zong
ㄒㄩ-ㄘㄚ,-y-tsʰa,xu-ca
ㄌㄩ-ㄘㄢ,-y-tsʰan,lv-can
ㄋㄩ-ㄘㄞ-ㄕㄚ,-y-tsʰaɪ-ʂa,nv-cai-sha
ㄐㄩ-ㄘㄨ,-y-tsʰu,ju-cu
ㄑㄩ-ㄘㄤ,-y-tsʰɑŋ,qu-cang
ㄩ-ㄘㄠ-ㄐㄩ-ㄘㄣ,-y-tsʰɑʊ-tɕy-tsʰən,yu-cao-ju-cen
ㄒㄩ-ㄘㄥ,-y-tsʰəŋ,xu-ceng
ㄌㄩ-ㄘㄡ,-y-tsʰɤu,lv-cou
ㄋㄩ-ㄘ-ㄍㄞ-ㄕㄢ,-y-tsʰɨ-kaɪ-ʂan,nv-ci-gai-shan
ㄐㄩ-ㄘㄜ-ㄗㄠ-ㄐㄩㄣ,-y-tsʰɯʌ-tsɑʊ-tɕyn,ju-ce-zao-jun
ㄑㄩ-ㄘㄨㄥ,-y-tsʰʊŋ,qu-cong
ㄩ-ㄉㄨ,-y-tu,yu-du
ㄒㄩ-ㄉㄤ,-y-tɑŋ,xu-dang
ㄌㄩ-ㄉㄠ-ㄐㄩㄝ-ㄎㄞ-ㄕㄞ,-y-tɑʊ-tɕyɛ-kʰaɪ-ʂaɪ,lv-dao-jue-kai-shai
ㄋㄩ-ㄐㄧ,-y-tɕi,nv-ji
ㄐㄩ-ㄐㄩㄥ,-y-tɕiʊŋ,ju-jiong
ㄑㄩ-ㄐㄩ-ㄐㄩㄣ,-y-tɕy-tɕyn,qu-ju-jun
ㄩ-ㄐㄩㄝ-ㄎㄨ,-y-tɕyɛ-kʰu,yu-jue-ku
ㄒㄩ-ㄐㄩㄢ,-y-tɕyɛn,xu-juan
ㄌㄩ-ㄑㄧ,-y-tɕʰi,lv-qi
ㄋㄩ-ㄑㄩㄥ,-y-tɕʰiʊŋ,nv-qiong
ㄐㄩ-ㄑㄩ-ㄑㄩㄣ,-y-tɕʰy-tɕʰyn,ju-qu-qun
ㄑㄩ-ㄑㄩㄝ-ㄎㄤ,-y-tɕʰyɛ-kʰɑŋ,qu-que-kang
ㄩ-ㄑㄩㄢ,-y-tɕʰyɛn,yu-quan
ㄒㄩ-ㄉㄥ,-y-təŋ,xu-deng
ㄌㄩ-ㄉㄡ,-y-tɤu,lv-dou
ㄋㄩ-ㄉㄜ-ㄗㄣ,-y-tɯʌ-tsən,nv-de-zen
ㄐㄩ-ㄉㄨㄥ,-y-tʊŋ,ju-dong
ㄑㄩ-ㄊㄚ,-y-tʰa,qu-ta
ㄩ-ㄊㄢ,-y-tʰan,yu-tan
ㄒㄩ-ㄊㄞ-ㄕㄟ-ㄕㄨ,-y-tʰaɪ-ʂeɪ-ʂu,xu-tai-shei-shu
ㄌㄩ-ㄊㄧ,-y-tʰi,lv-ti
ㄋㄩ-ㄊㄨ,-y-tʰu,nv-tu
ㄐㄩ-ㄊㄤ,-y-tʰɑŋ,ju-tang
ㄑㄩ-ㄊㄠ-ㄐㄩㄢ,-y-tʰɑʊ-tɕyɛn,qu-tao-juan
ㄩ-ㄊㄥ,-y-tʰəŋ,yu-teng
ㄒㄩ-ㄊㄡ,-y-tʰɤu,xu-tou
ㄌㄩ-ㄊㄜ-ㄗㄥ,-y-tʰɯʌ-tsəŋ,lv-te-zeng
ㄋㄩ-ㄊㄨㄥ,-y-tʰʊŋ,nv-tong
ㄐㄩ-ㄨ,-y-u,ju-wu
ㄑㄩ-ㄨㄚ,-y-ua,qu-wa
ㄩ-ㄨㄢ,-y-uan,yu-wan
ㄒㄩ-ㄨㄞ-ㄕㄤ,-y-uaɪ-ʂɑŋ,xu-wai-shang
ㄌㄩ-ㄨㄟ-ㄕㄠ-ㄑㄧ,-y-ueɪ-ʂɑʊ-tɕʰi,lv-wei-shao-qi
ㄋㄩ-ㄨㄤ,-y-uɑŋ,nv-wang
ㄐㄩ-ㄨㄛ-ㄌㄩ-ㄨㄣ,-y-uɔ-ly-uən,ju-wo-lv-wen
ㄑㄩ-ㄨㄥ,-y-uʊŋ,qu-weng
ㄩ-ㄏㄚ,-y-xa,yu-ha
ㄒㄩ-ㄏㄢ,-y-xan,xu-han
ㄌㄩ-ㄏㄞ-ㄕㄣ,-y-xaɪ-ʂən,lv-hai-shen
ㄋㄩ-ㄏㄟ-ㄕㄥ,-y-xeɪ-ʂəŋ,nv-hei-sheng
ㄐㄩ-ㄏㄨ,-y-xu,ju-hu
ㄑㄩ-ㄏㄤ,-y-xɑŋ,qu-hang
ㄩ-ㄏㄠ-ㄑㄩㄥ,-y-xɑʊ-tɕʰiʊŋ,yu-hao-qiong
ㄒㄩ-ㄏㄣ,-y-xən,xu-hen
ㄌㄩ-ㄏㄥ,-y-xəŋ,lv-heng
ㄋㄩ-ㄏㄡ,-y-xɤu,nv-hou
ㄐㄩ-ㄏㄜ-ㄗㄡ,-y-xɯʌ-tsɤu,ju-he-zou
ㄑㄩ-ㄏㄨㄥ,-y-xʊŋ,qu-hong
ㄩ-ㄩ-ㄩㄣ,-y-y-yn,yu-yu-yun
ㄒㄩ-ㄩㄝ-ㄎㄠ-ㄑㄩ-ㄩㄢ,-y-yɛ-kʰɑʊ-tɕʰy-yɛn,xu-yue-kao-qu-yuan
ㄌㄩ-ㄩㄥ,-y-yʊŋ,lv-yong
ㄋㄩ-ㄤ,-y-ɑŋ,nv-ang
ㄐㄩ-ㄠ-ㄑㄩㄣ,-y-ɑʊ-tɕʰyn,ju-ao-qun
ㄑㄩ-ㄛ-ㄌㄩㄣ,-y-ɔ-lyn,qu-o-lvn
ㄩ-ㄒㄧ,-y-ɕi,yu-xi
ㄒㄩ-ㄒㄩㄥ,-y-ɕiʊŋ,xu-xiong
ㄌㄩ-ㄒㄩ-ㄒㄩㄣ,-y-ɕy-ɕyn,lv-xu-xun
ㄋㄩ-ㄒㄩㄝ-ㄎㄣ,-y-ɕyɛ-kʰən,nv-xue-ken
ㄐㄩ-ㄒㄩㄢ,-y-ɕyɛn,ju-xuan
ㄑㄩ-ㄣ,-y-ən,qu-en
ㄩ-ㄦ-ㄈㄧ,-y-ɚ-fi,yu-er-fi
ㄒㄩ-ㄡ,-y-ɤu,xu-ou
ㄌㄩ-ㄧㄣ,-y-ɪn,lv-yin
ㄋㄩ-ㄜ-ㄗ-ㄍㄟ-ㄕㄡ,-y-ɯʌ-tsɨ-keɪ-ʂɤu,nv-e-zi-gei-shou
ㄐㄩ-ㄖㄢ,-y-ɹan,ju-ran
ㄑㄩ-ㄖㄨ,-y-ɹu,qu-ru
ㄩ-ㄖㄤ,-y-ɹɑŋ,yu-rang
ㄒㄩ-ㄖㄠ-ㄑㄩㄝ-ㄎㄥ,-y-ɹɑʊ-tɕʰyɛ-kʰəŋ,xu-rao-que-keng
ㄌㄩ-ㄖㄣ,-y-ɹən,lv-ren
ㄋㄩ-ㄖㄥ,-y-ɹəŋ,nv-reng
ㄐㄩ-ㄖㄡ,-y-ɹɤu,ju-rou
ㄑㄩ-ㄖ-ㄧㄢ,-y-ɹɨ̹-iɛn,qu-ri-yan
ㄩ-ㄖㄜ-ㄗㄜ-ㄗㄨㄥ,-y-ɹɯʌ-tsɯʌ-tsʊŋ,yu-re-ze-zong
ㄒㄩ-ㄖㄨㄥ,-y-ɹʊŋ,xu-rong
ㄌㄩ-ㄕㄚ,-y-ʂa,lv-sha
ㄋㄩ-ㄕㄢ,-y-ʂan,nv-shan
ㄐㄩ-ㄕㄞ-ㄕ-ㄧㄡ,-y-ʂaɪ-ʂɨ̹-iɤu,ju-shai-shi-you
ㄑㄩ-ㄕㄟ-ㄕㄜ-ㄘㄚ,-y-ʂeɪ-ʂɯʌ-tsʰa,qu-shei-she-ca
ㄩ-ㄕㄨ,-y-ʂu,yu-shu
ㄒㄩ-ㄕㄤ,-y-ʂɑŋ,xu-shang
ㄌㄩ-ㄕㄠ-ㄑㄩㄢ,-y-ʂɑʊ-tɕʰyɛn,lv-shao-quan
ㄋㄩ-ㄕㄣ,-y-ʂən,nv-shen
ㄐㄩ-ㄕㄥ,-y-ʂəŋ,ju-sheng
ㄑㄩ-ㄕㄡ,-y-ʂɤu,qu-shou
ㄩ-ㄕ-ㄍㄚ,-y-ʂɨ̹-ka,yu-shi-ga
ㄒㄩ-ㄕㄜ-ㄘㄢ,-y-ʂɯʌ-tsʰan,xu-she-can
ㄌㄩ-ㄓㄢ,-y-ʈʂan,lv-zhan
ㄋㄩ-ㄓㄞ-ㄓㄢ,-y-ʈʂaɪ-ʈʂan,nv-zhai-zhan
ㄐㄩ-ㄓㄟ-ㄓㄞ-ㄓㄟ-ㄓㄨ,-y-ʈʂeɪ-ʈʂaɪ-ʈʂeɪ-ʈʂu,ju-zhei-zhai-zhei-zhu
ㄑㄩ-ㄓㄨ,-y-ʈʂu,qu-zhu
ㄩ-ㄓㄚ-ㄈㄧ,-y-ʈʂɑ-fi,yu-zha-fi
ㄒㄩ-ㄓㄤ,-y-ʈʂɑŋ,xu-zhang
ㄌㄩ-ㄓㄠ-ㄉㄥ,-y-ʈʂɑʊ-təŋ,lv-zhao-deng
ㄋㄩ-ㄓㄣ,-y-ʈʂən,nv-zhen
ㄐㄩ-ㄓㄥ,-y-ʈʂəŋ,ju-zheng
ㄑㄩ-ㄓㄡ,-y-ʈʂɤu,qu-zhou
ㄩ-ㄓ-ㄍㄞ-ㄓㄚ-ㄈㄨ,-y-ʈʂɨ̹-kaɪ-ʈʂɑ-fu,yu-zhi-gai-zha-fu
ㄒㄩ-ㄓㄜ-ㄘㄞ-ㄓㄤ,-y-ʈʂɯʌ-tsʰaɪ-ʈʂɑŋ,xu-zhe-cai-zhang
ㄌㄩ-ㄓㄨㄥ,-y-ʈʂʊŋ,lv-zhong
ㄋㄩ-ㄔㄚ,-y-ʈʂʰa,nv-cha
ㄐㄩ-ㄔㄢ,-y-ʈʂʰan,ju-chan
ㄑㄩ-ㄔㄞ-ㄓㄠ-ㄉㄡ,-y-ʈʂʰaɪ-ʈʂɑʊ-tɤu,qu-chai-zhao-dou
ㄩ-ㄔㄨ,-y-ʈʂʰu,yu-chu
ㄒㄩ-ㄔㄤ,-y-ʈʂʰɑŋ,xu-chang
ㄌㄩ-ㄔㄠ-ㄉㄜ-ㄘㄨ,-y-ʈʂʰɑʊ-tɯʌ-tsʰu,lv-chao-de-cu
ㄋㄩ-ㄔㄣ,-y-ʈʂʰən,nv-chen
ㄐㄩ-ㄔㄥ,-y-ʈʂʰəŋ,ju-cheng
ㄑㄩ-ㄔㄡ,-y-ʈʂʰɤu,qu-chou
ㄩ-ㄔ-ㄍㄟ-ㄓㄣ,-y-ʈʂʰɨ̹-keɪ-ʈʂən,yu-chi-gei-zhen
ㄒㄩ-ㄔㄜ-ㄘㄤ,-y-ʈʂʰɯʌ-tsʰɑŋ,xu-che-cang
ㄌㄩ-ㄔㄨㄥ,-y-ʈʂʰʊŋ,lv-chong
ㄋㄩ-ㄨㄥA,-y-ʊŋ,nv-wenga
ㄓㄚ-ㄈㄤ,-ɑ-fɑŋ,zha-fang
ㄓㄚ-ㄈㄛ-ㄌㄩㄝ-ㄎㄡ,-ɑ-fɔ-lyɛ-kʰɤu,zha-fo-lue-kou
ㄓㄚ-ㄈㄣ,-ɑ-fən,zha-fen
ㄓㄚ-ㄈㄡ-ㄉㄨㄥ,-ɑ-fɤʊ-tʊŋ,zha-fou-dong
ㄓㄚ-ㄈㄜ-ㄘㄠ-ㄊㄚ,-ɑ-fɯʌ-tsʰɑʊ-tʰa,zha-fe-cao-ta
ㄓㄚ-ㄈㄥ,-ɑ-fʊŋ,zha-feng
ㄓㄚ-ㄧ,-ɑ-i,zha-yi
ㄓㄚ-ㄧㄚ,-ɑ-ia,zha-ya
ㄓㄚ-ㄧㄞ-ㄓㄥ,-ɑ-iaɪ-ʈʂəŋ,zha-yai-zheng
ㄓㄚ-ㄧㄥ,-ɑ-iŋ,zha-ying
ㄓㄚ-ㄧㄤ,-ɑ-iɑŋ,zha-yang
ㄓㄚ-ㄧㄠ-ㄊㄢ,-ɑ-iɑʊ-tʰan,zha-yao-tan
ㄓㄚ-ㄧㄛ-ㄌㄩㄢ,-ɑ-iɔ-lyɛn,zha-yo-lvan
ㄓㄚ-ㄧㄝ-ㄎㄜ-ㄘㄣ,-ɑ-iɛ-kʰɯʌ-tsʰən,zha-ye-ke-cen
ㄓㄚ-ㄧㄢ,-ɑ-iɛn,zha-yan
ㄓㄚ-ㄧㄡ,-ɑ-iɤu,zha-you
ㄓㄚ-ㄍㄚ,-ɑ-ka,zha-ga
ㄓㄚ-ㄍㄞ-ㄓㄡ,-ɑ-kaɪ-ʈʂɤu,zha-gai-zhou
ㄓㄚ-ㄍㄟ-ㄓ-ㄍㄨ,-ɑ-keɪ-ʈʂɨ̹-ku,zha-gei-zhi-gu
ㄓㄚ-ㄍㄨ,-ɑ-ku,zha-gu
ㄓㄚ-ㄍㄢ,-ɑ-kɑn,zha-gan
ㄓㄚ-ㄍㄤ,-ɑ-kɑŋ,zha-gang
ㄓㄚ-ㄍㄠ-ㄊㄞ-ㄓㄜ-ㄘㄥ,-ɑ-kɑʊ-tʰaɪ-ʈʂɯʌ-tsʰəŋ,zha-gao-tai-zhe-ceng
ㄓㄚ-ㄍㄣ,-ɑ-kən,zha-gen
ㄓㄚ-ㄍㄥ,-ɑ-kəŋ,zha-geng
ㄓㄚ-ㄍㄡ,-ɑ-kɤu,zha-gou
ㄓㄚ-ㄍㄜ-ㄘㄡ,-ɑ-kɯʌ-tsʰɤu,zha-ge-cou
ㄓㄚ-ㄍㄨㄥ,-ɑ-kʊŋ,zha-gong
ㄓㄚ-ㄎㄚ,-ɑ-kʰa,zha-ka
ㄓㄚ-ㄎㄢ,-ɑ-kʰan,zha-kan
ㄓㄚ-ㄎㄞ-ㄓㄨㄥ,-ɑ-kʰaɪ-ʈʂʊŋ,zha-kai-zhong
ㄓㄚ-ㄎㄨ,-ɑ-kʰu,zha-ku
ㄓㄚ-ㄎㄤ,-ɑ-kʰɑŋ,zha-kang
ㄓㄚ-ㄎㄠ-ㄊㄧ,-ɑ-kʰɑʊ-tʰi,zha-kao-ti
ㄓㄚ-ㄎㄣ,-ɑ-kʰən,zha-ken
ㄓㄚ-ㄎㄥ,-ɑ-kʰəŋ,zha-keng
ㄓㄚ-ㄎㄡ,-ɑ-kʰɤu,zha-kou
ㄓㄚ-ㄎㄜ-ㄘ-ㄍㄨ,-ɑ-kʰɯʌ-tsʰɨ-ku,zha-ke-ci-gu
ㄓㄚ-ㄎㄨㄥ,-ɑ-kʰʊŋ,zha-kong
ㄓㄚ-ㄌㄚ,-ɑ-la,zha-la
ㄓㄚ-ㄌㄢ,-ɑ-lan,zha-lan
ㄓㄚ-ㄌㄞ-ㄔㄚ,-ɑ-laɪ-ʈʂʰa,zha-lai-cha
ㄓㄚ-ㄌㄟ-ㄔㄢ,-ɑ-leɪ-ʈʂʰan,zha-lei-chan
ㄓㄚ-ㄌㄧ,-ɑ-li,zha-li
ㄓㄚ-ㄌㄨ,-ɑ-lu,zha-lu
ㄓㄚ-ㄌㄩ,-ɑ-ly,zha-lv
ㄓㄚ-ㄌㄩㄣ,-ɑ-lyn,zha-lvn
ㄓㄚ-ㄌㄩㄝ-ㄎㄨㄥ,-ɑ-lyɛ-kʰʊŋ,zha-lue-kong
ㄓㄚ-ㄌㄩㄢ,-ɑ-lyɛn,zha-lvan
ㄓㄚ-ㄌㄤ,-ɑ-lɑŋ,zha-lang
ㄓㄚ-ㄌㄠ-ㄊㄨ,-ɑ-lɑʊ-tʰu,zha-lao-tu
ㄓㄚ-ㄌㄥ,-ɑ-ləŋ,zha-leng
ㄓㄚ-ㄌㄡ,-ɑ-lɤu,zha-lou
ㄓㄚ-ㄌㄜ-ㄘㄜ-ㄘㄨㄥ,-ɑ-lɯʌ-tsʰɯʌ-tsʰʊŋ,zha-le-ce-cong
ㄓㄚ-ㄌㄨㄥ,-ɑ-lʊŋ,zha-long
ㄓㄚ-ㄇㄚ,-ɑ-ma,zha-ma
ㄓㄚ-ㄇㄢ,-ɑ-man,zha-man
ㄓㄚ-ㄇㄞ-ㄔㄞ-ㄔㄨ,-ɑ-maɪ-ʈʂʰaɪ-ʈʂʰu,zha-mai-chai-chu
ㄓㄚ-ㄇㄟ-ㄔㄤ,-ɑ-meɪ-ʈʂʰɑŋ,zha-mei-chang
ㄓㄚ-ㄇㄧ,-ɑ-mi,zha-mi
ㄓㄚ-ㄇㄨ,-ɑ-mu,zha-mu
ㄓㄚ-ㄇㄛ-ㄌㄤ,-ɑ-muɔ-lɑŋ,zha-mo-lang
ㄓㄚ-ㄇㄤ,-ɑ-mɑŋ,zha-mang
ㄓㄚ-ㄇㄠ-ㄊㄤ,-ɑ-mɑʊ-tʰɑŋ,zha-mao-tang
ㄓㄚ-ㄇㄣ,-ɑ-mən,zha-men
ㄓㄚ-ㄇㄡ-ㄊㄠ-ㄊㄥ,-ɑ-mɤʊ-tʰɑʊ-tʰəŋ,zha-mou-tao-teng
ㄓㄚ-ㄇㄜ-ㄉㄨ,-ɑ-mɯʌ-tu,zha-me-du
ㄓㄚ-ㄇㄥ,-ɑ-mʊŋ,zha-meng
ㄓㄚ-ㄋㄚ,-ɑ-na,zha-na
ㄓㄚ-ㄋㄢ,-ɑ-nan,zha-nan
ㄓㄚ-ㄋㄞ-ㄔㄠ-ㄊㄡ,-ɑ-naɪ-ʈʂʰɑʊ-tʰɤu,zha-nai-chao-tou
ㄓㄚ-ㄋㄟ-ㄔㄣ,-ɑ-neɪ-ʈʂʰən,zha-nei-chen
ㄓㄚ-ㄋㄧ,-ɑ-ni,zha-ni
ㄓㄚ-ㄋㄨ,-ɑ-nu,zha-nu
ㄓㄚ-ㄋㄩ,-ɑ-ny,zha-nv
ㄓㄚ-ㄋㄤ,-ɑ-nɑŋ,zha-nang
ㄓㄚ-ㄋㄠ-ㄊㄜ-ㄉㄤ,-ɑ-nɑʊ-tʰɯʌ-tɑŋ,zha-nao-te-dang
ㄓㄚ-ㄋㄣ,-ɑ-nən,zha-nen
ㄓㄚ-ㄋㄡ,-ɑ-nɤu,zha-nou
ㄓㄚ-ㄋㄜ-ㄉㄠ-ㄊㄨㄥ,-ɑ-nɯʌ-tɑʊ-tʰʊŋ,zha-ne-dao-tong
ㄓㄚ-ㄋㄨㄥ,-ɑ-nʊŋ,zha-nong
ㄓㄚ-ㄅㄚ,-ɑ-pa,zha-ba
ㄓㄚ-ㄅㄢ,-ɑ-pan,zha-ban
ㄓㄚ-ㄅㄞ-ㄔㄥ,-ɑ-paɪ-ʈʂʰəŋ,zha-bai-cheng
ㄓㄚ-ㄅㄟ-ㄔㄡ,-ɑ-peɪ-ʈʂʰɤu,zha-bei-chou
ㄓㄚ-ㄅㄧ,-ɑ-pi,zha-bi
ㄓㄚ-ㄅㄨ,-ɑ-pu,zha-bu
ㄓㄚ-ㄅㄛ-ㄌㄠ-ㄨ,-ɑ-puɔ-lɑʊ-u,zha-bo-lao-wu
ㄓㄚ-ㄅㄤ,-ɑ-pɑŋ,zha-bang
ㄓㄚ-ㄅㄠ-ㄨㄚ,-ɑ-pɑʊ-ua,zha-bao-wa
ㄓㄚ-ㄅㄣ,-ɑ-pən,zha-ben
ㄓㄚ-ㄅㄡ,-ɑ-pɤu,zha-bou
ㄓㄚ-ㄅㄜ-ㄐㄧ,-ɑ-pɯʌ-tɕi,zha-be-ji
ㄓㄚ-ㄅㄥ,-ɑ-pʊŋ,zha-beng
ㄓㄚ-ㄆㄚ,-ɑ-pʰa,zha-pa
ㄓㄚ-ㄆㄢ,-ɑ-pʰan,zha-pan
ㄓㄚ-ㄆㄞ-ㄔ-ㄍㄢ,-ɑ-pʰaɪ-ʈʂʰɨ̹-kɑn,zha-pai-chi-gan
ㄓㄚ-ㄆㄟ-ㄔㄜ-ㄐㄩㄥ,-ɑ-pʰeɪ-ʈʂʰɯʌ-tɕiʊŋ,zha-pei-che-jiong
ㄓㄚ-ㄆㄧ,-ɑ-pʰi,zha-pi
ㄓㄚ-ㄆㄨ,-ɑ-pʰu,zha-pu
ㄓㄚ-ㄆㄛ-ㄌㄥ,-ɑ-pʰuɔ-ləŋ,zha-po-leng
ㄓㄚ-ㄆㄤ,-ɑ-pʰɑŋ,zha-pang
ㄓㄚ-ㄆㄠ-ㄨㄢ,-ɑ-pʰɑʊ-uan,zha-pao-wan
ㄓㄚ-ㄆㄣ,-ɑ-pʰən,zha-pen
ㄓㄚ-ㄆㄡ,-ɑ-pʰɤu,zha-pou
ㄓㄚ-ㄆㄜ-ㄐㄩ,-ɑ-pʰɯʌ-tɕy,zha-pe-ju
ㄓㄚ-ㄆㄥ,-ɑ-pʰʊŋ,zha-peng
ㄓㄚ-ㄙㄚ,-ɑ-sa,zha-sa
ㄓㄚ-ㄙㄢ,-ɑ-san,zha-san
ㄓㄚ-ㄙㄞ-ㄔㄨㄥ,-ɑ-saɪ-ʈʂʰʊŋ,zha-sai-chong
ㄓㄚ-ㄙㄨ,-ɑ-su,zha-su
ㄓㄚ-ㄙㄤ,-ɑ-sɑŋ,zha-sang
ㄓㄚ-ㄙㄠ-ㄨㄞ-ㄨㄥA,-ɑ-sɑʊ-uaɪ-ʊŋ,zha-sao-wai-wenga
ㄓㄚ-ㄙㄣ,-ɑ-sən,zha-sen
ㄓㄚ-ㄙㄥ,-ɑ-səŋ,zha-seng
ㄓㄚ-ㄙㄡ,-ɑ-sɤu,zha-sou
ㄓㄚ-ㄙ-ㄍㄢ,-ɑ-sɨ-kɑn,zha-si-gan
ㄓㄚ-ㄙㄜ-ㄐㄩㄣ,-ɑ-sɯʌ-tɕyn,zha-se-jun
ㄓㄚ-ㄙㄨㄥ,-ɑ-sʊŋ,zha-song
ㄓㄚ-ㄉㄚ,-ɑ-ta,zha-da
ㄓㄚ-ㄉㄢ,-ɑ-tan,zha-dan
ㄓㄚ-ㄉㄞ,-ɑ-taɪ,zha-dai
ㄓㄚ-ㄉㄟ,-ɑ-teɪ,zha-dei
ㄓㄚ-ㄉㄧ,-ɑ-ti,zha-di
ㄓㄚ-ㄗㄚ,-ɑ-tsa,zha-za
ㄓㄚ-ㄗㄢ,-ɑ-tsan,zha-zan
ㄓㄚ-ㄗㄞ,-ɑ-tsaɪ,zha-zai
ㄓㄚ-ㄗㄟ,-ɑ-tseɪ,zha-zei
ㄓㄚ-ㄗㄨ,-ɑ-tsu,zha-zu
ㄓㄚ-ㄗㄤ,-ɑ-tsɑŋ,zha-zang
ㄓㄚ-ㄗㄠ-ㄨㄟ,-ɑ-tsɑʊ-ueɪ,zha-zao-wei
ㄓㄚ-ㄗㄣ,-ɑ-tsən,zha-zen
ㄓㄚ-ㄗㄥ,-ɑ-tsəŋ,zha-zeng
ㄓㄚ-ㄗㄡ,-ɑ-tsɤu,zha-zou
ㄓㄚ-ㄗ-ㄍㄤ,-ɑ-tsɨ-kɑŋ,zha-zi-gang
ㄓㄚ-ㄗㄜ-ㄐㄩㄝ-ㄌㄚ,-ɑ-tsɯʌ-tɕyɛ-la,zha-ze-jue-la
ㄓㄚ-ㄗㄨㄥ,-ɑ-tsʊŋ,zha-zong
ㄓㄚ-ㄘㄚ,-ɑ-tsʰa,zha-ca
ㄓㄚ-ㄘㄢ,-ɑ-tsʰan,zha-can
ㄓㄚ-ㄘㄞ,-ɑ-tsʰaɪ,zha-cai
ㄓㄚ-ㄘㄨ,-ɑ-tsʰu,zha-cu
ㄓㄚ-ㄘㄤ,-ɑ-tsʰɑŋ,zha-cang
ㄓㄚ-ㄘㄠ-ㄨㄤ,-ɑ-tsʰɑʊ-uɑŋ,zha-cao-wang
ㄓㄚ-ㄘㄣ,-ɑ-tsʰən,zha-cen
ㄓㄚ-ㄘㄥ,-ɑ-tsʰəŋ,zha-ceng
ㄓㄚ-ㄘㄡ,-ɑ-tsʰɤu,zha-cou
ㄓㄚ-ㄘ-ㄍㄠ-ㄨㄛ-ㄌㄡ,-ɑ-tsʰɨ-kɑʊ-uɔ-lɤu,zha-ci-gao-wo-lou
ㄓㄚ-ㄘㄜ-ㄐㄩㄢ,-ɑ-tsʰɯʌ-tɕyɛn,zha-ce-juan
ㄓㄚ-ㄘㄨㄥ,-ɑ-tsʰʊŋ,zha-cong
ㄓㄚ-ㄉㄨ,-ɑ-tu,zha-du
ㄓㄚ-ㄉㄤ,-ɑ-tɑŋ,zha-dang
ㄓㄚ-ㄉㄠ-ㄨㄣ,-ɑ-tɑʊ-uən,zha-dao-wen
ㄓㄚ-ㄐㄧ,-ɑ-tɕi,zha-ji
ㄓㄚ-ㄐㄩㄥ,-ɑ-tɕiʊŋ,zha-jiong
ㄓㄚ-ㄐㄩ,-ɑ-tɕy,zha-ju
ㄓㄚ-ㄐㄩㄣ,-ɑ-tɕyn,zha-jun
ㄓㄚ-ㄐㄩㄝ-ㄌㄢ,-ɑ-tɕyɛ-lan,zha-jue-lan
ㄓㄚ-ㄐㄩㄢ,-ɑ-tɕyɛn,zha-juan
ㄓㄚ-ㄑㄧ,-ɑ-tɕʰi,zha-qi
ㄓㄚ-ㄑㄩㄥ,-ɑ-tɕʰiʊŋ,zha-qiong
ㄓㄚ-ㄑㄩ,-ɑ-tɕʰy,zha-qu
ㄓㄚ-ㄑㄩㄣ,-ɑ-tɕʰyn,zha-qun
ㄓㄚ-ㄑㄩㄝ-ㄌㄞ,-ɑ-tɕʰyɛ-laɪ,zha-que-lai
ㄓㄚ-ㄑㄩㄢ,-ɑ-tɕʰyɛn,zha-quan
ㄓㄚ-ㄉㄥ,-ɑ-təŋ,zha-deng
ㄓㄚ-ㄉㄡ,-ɑ-tɤu,zha-dou
ㄓㄚ-ㄉㄜ-ㄑㄧ,-ɑ-tɯʌ-tɕʰi,zha-de-qi
ㄓㄚ-ㄉㄨㄥ,-ɑ-tʊŋ,zha-dong
ㄓㄚ-ㄊㄚ,-ɑ-tʰa,zha-ta
ㄓㄚ-ㄊㄢ,-ɑ-tʰan,zha-tan
ㄓㄚ-ㄊㄞ,-ɑ-tʰaɪ,zha-tai
ㄓㄚ-ㄊㄧ,-ɑ-tʰi,zha-ti
ㄓㄚ-ㄊㄨ,-ɑ-tʰu,zha-tu
ㄓㄚ-ㄊㄤ,-ɑ-tʰɑŋ,zha-tang
ㄓㄚ-ㄊㄠ-ㄨㄥ,-ɑ-tʰɑʊ-uʊŋ,zha-tao-weng
ㄓㄚ-ㄊㄥ,-ɑ-tʰəŋ,zha-teng
ㄓㄚ-ㄊㄡ,-ɑ-tʰɤu,zha-tou
ㄓㄚ-ㄊㄜ-ㄑㄩㄥ,-ɑ-tʰɯʌ-tɕʰiʊŋ,zha-te-qiong
ㄓㄚ-ㄊㄨㄥ,-ɑ-tʰʊŋ,zha-tong
ㄓㄚ-ㄨ,-ɑ-u,zha-wu
ㄓㄚ-ㄨㄚ,-ɑ-ua,zha-wa
ㄓㄚ-ㄨㄢ,-ɑ-uan,zha-wan
ㄓㄚ-ㄨㄞ,-ɑ-uaɪ,zha-wai
ㄓㄚ-ㄨㄟ,-ɑ-ueɪ,zha-wei
ㄓㄚ-ㄨㄤ,-ɑ-uɑŋ,zha-wang
ㄓㄚ-ㄨㄛ-ㄌㄜ-ㄑㄩ,-ɑ-uɔ-lɯʌ-tɕʰy,zha-wo-le-qu
ㄓㄚ-ㄨㄣ,-ɑ-uən,zha-wen
ㄓㄚ-ㄨㄥ,-ɑ-uʊŋ,zha-weng
ㄓㄚ-ㄏㄚ,-ɑ-xa,zha-ha
ㄓㄚ-ㄏㄢ,-ɑ-xan,zha-han
ㄓㄚ-ㄏㄞ,-ɑ-xaɪ,zha-hai
ㄓㄚ-ㄏㄟ,-ɑ-xeɪ,zha-hei
ㄓㄚ-ㄏㄨ,-ɑ-xu,zha-hu
ㄓㄚ-ㄏㄤ,-ɑ-xɑŋ,zha-hang
ㄓㄚ-ㄏㄠ-ㄏㄚ,-ɑ-xɑʊ-xa,zha-hao-ha
ㄓㄚ-ㄏㄣ,-ɑ-xən,zha-hen
ㄓㄚ-ㄏㄥ,-ɑ-xəŋ,zha-heng
ㄓㄚ-ㄏㄡ,-ɑ-xɤu,zha-hou
ㄓㄚ-ㄏㄜ-ㄑㄩㄣ,-ɑ-xɯʌ-tɕʰyn,zha-he-qun
ㄓㄚ-ㄏㄨㄥ,-ɑ-xʊŋ,zha-hong
ㄓㄚ-ㄩ,-ɑ-y,zha-yu
ㄓㄚ-ㄩㄣ,-ɑ-yn,zha-yun
ㄓㄚ-ㄩㄝ-ㄌㄟ,-ɑ-yɛ-leɪ,zha-yue-lei
ㄓㄚ-ㄩㄢ,-ɑ-yɛn,zha-yuan
ㄓㄚ-ㄩㄥ,-ɑ-yʊŋ,zha-yong
ㄓㄚ-ㄤ,-ɑ-ɑŋ,zha-ang
ㄓㄚ-ㄠ-ㄏㄢ,-ɑ-ɑʊ-xan,zha-ao-han
ㄓㄚ-ㄛ-ㄌㄨㄥ,-ɑ-ɔ-lʊŋ,zha-o-long
ㄓㄚ-ㄒㄧ,-ɑ-ɕi,zha-xi
ㄓㄚ-ㄒㄩㄥ,-ɑ-ɕiʊŋ,zha-xiong
ㄓㄚ-ㄒㄩ,-ɑ-ɕy,zha-xu
ㄓㄚ-ㄒㄩㄣ,-ɑ-ɕyn,zha-xun
ㄓㄚ-ㄒㄩㄝ-ㄌㄧ,-ɑ-ɕyɛ-li,zha-xue-li
ㄓㄚ-ㄒㄩㄢ,-ɑ-ɕyɛn,zha-xuan
ㄓㄚ-ㄣ,-ɑ-ən,zha-en
ㄓㄚ-ㄦ-ㄈㄨ,-ɑ-ɚ-fu,zha-er-fu
ㄓㄚ-ㄡ,-ɑ-ɤu,zha-ou
ㄓㄚ-ㄧㄣ,-ɑ-ɪn,zha-yin
ㄓㄚ-ㄜ-ㄑㄩㄝ-ㄌㄨ,-ɑ-ɯʌ-tɕʰyɛ-lu,zha-e-que-lu
ㄓㄚ-ㄖㄢ,-ɑ-ɹan,zha-ran
ㄓㄚ-ㄖㄨ,-ɑ-ɹu,zha-ru
ㄓㄚ-ㄖㄤ,-ɑ-ɹɑŋ,zha-rang
ㄓㄚ-ㄖㄠ-ㄏㄞ,-ɑ-ɹɑʊ-xaɪ,zha-rao-hai
ㄓㄚ-ㄖㄣ,-ɑ-ɹən,zha-ren
ㄓㄚ-ㄖㄥ,-ɑ-ɹəŋ,zha-reng
ㄓㄚ-ㄖㄡ,-ɑ-ɹɤu,zha-rou
ㄓㄚ-ㄖ-ㄍㄤ,-ɑ-ɹɨ̹-kɑŋ,zha-ri-gang
ㄓㄚ-ㄖㄜ-ㄑㄩㄢ,-ɑ-ɹɯʌ-tɕʰyɛn,zha-re-quan
ㄓㄚ-ㄖㄨㄥ,-ɑ-ɹʊŋ,zha-rong
ㄓㄚ-ㄕㄚ,-ɑ-ʂa,zha-sha
ㄓㄚ-ㄕㄢ,-ɑ-ʂan,zha-shan
ㄓㄚ-ㄕㄞ,-ɑ-ʂaɪ,zha-shai
ㄓㄚ-ㄕㄟ,-ɑ-ʂeɪ,zha-shei
ㄓㄚ-ㄕㄨ,-ɑ-ʂu,zha-shu
ㄓㄚ-ㄕㄤ,-ɑ-ʂɑŋ,zha-shang
ㄓㄚ-ㄕㄠ-ㄏㄟ,-ɑ-ʂɑʊ-xeɪ,zha-shao-hei
ㄓㄚ-ㄕㄣ,-ɑ-ʂən,zha-shen
ㄓㄚ-ㄕㄥ,-ɑ-ʂəŋ,zha-sheng
ㄓㄚ-ㄕㄡ,-ɑ-ʂɤu,zha-shou
ㄓㄚ-ㄕ-ㄍㄠ-ㄏㄨ,-ɑ-ʂɨ̹-kɑʊ-xu,zha-shi-gao-hu
ㄓㄚ-ㄕㄜ-ㄉㄥ,-ɑ-ʂɯʌ-təŋ,zha-she-deng
ㄓㄚ-ㄓㄢ,-ɑ-ʈʂan,zha-zhan
ㄓㄚ-ㄓㄞ,-ɑ-ʈʂaɪ,zha-zhai
ㄓㄚ-ㄓㄟ,-ɑ-ʈʂeɪ,zha-zhei
ㄓㄚ-ㄓㄨ,-ɑ-ʈʂu,zha-zhu
ㄓㄚ-ㄓㄚ-ㄓㄤ,-ɑ-ʈʂɑ-ʈʂɑŋ,zha-zha-zhang
ㄓㄚ-ㄓㄠ-ㄏㄤ,-ɑ-ʈʂɑʊ-xɑŋ,zha-zhao-hang
ㄓㄚ-ㄓㄣ,-ɑ-ʈʂən,zha-zhen
ㄓㄚ-ㄓㄥ,-ɑ-ʈʂəŋ,zha-zheng
ㄓㄚ-ㄓㄡ,-ɑ-ʈʂɤu,zha-zhou
ㄓㄚ-ㄓ-ㄍㄣ,-ɑ-ʈʂɨ̹-kən,zha-zhi-gen
ㄓㄚ-ㄓㄜ-ㄉㄡ,-ɑ-ʈʂɯʌ-tɤu,zha-zhe-dou
ㄓㄚ-ㄓㄨㄥ,-ɑ-ʈʂʊŋ,zha-zhong
ㄓㄚ-ㄔㄚ,-ɑ-ʈʂʰa,zha-cha
ㄓㄚ-ㄔㄢ,-ɑ-ʈʂʰan,zha-chan
ㄓㄚ-ㄔㄞ,-ɑ-ʈʂʰaɪ,zha-chai
ㄓㄚ-ㄔㄨ,-ɑ-ʈʂʰu,zha-chu
ㄓㄚ-ㄔㄤ,-ɑ-ʈʂʰɑŋ,zha-chang
ㄓㄚ-ㄔㄠ-ㄏㄠ-ㄏㄣ,-ɑ-ʈʂʰɑʊ-xɑʊ-xən,zha-chao-hao-hen
ㄓㄚ-ㄔㄣ,-ɑ-ʈʂʰən,zha-chen
ㄓㄚ-ㄔㄥ,-ɑ-ʈʂʰəŋ,zha-cheng
ㄓㄚ-ㄔㄡ,-ɑ-ʈʂʰɤu,zha-chou
ㄓㄚ-ㄔ-ㄍㄥ,-ɑ-ʈʂʰɨ̹-kəŋ,zha-chi-geng
ㄓㄚ-ㄔㄜ-ㄉㄜ-ㄉㄨㄥ,-ɑ-ʈʂʰɯʌ-tɯʌ-tʊŋ,zha-che-de-dong
ㄓㄚ-ㄔㄨㄥ,-ɑ-ʈʂʰʊŋ,zha-chong
ㄓㄚ-ㄨㄥA,-ɑ-ʊŋ,zha-wenga
ㄆㄛ-ㄇㄚ,-ɔ-ma,po-ma
ㄨㄛ-ㄇㄢ,-ɔ-man,wo-man
ㄛ-ㄇㄞ,-ɔ-maɪ,o-mai
ㄈㄛ-ㄇㄟ,-ɔ-meɪ,fo-mei
ㄧㄛ-ㄇㄧ,-ɔ-mi,yo-mi
ㄇㄛ-ㄇㄨ,-ɔ-mu,mo-mu
ㄅㄛ-ㄇㄛ-ㄇㄤ,-ɔ-muɔ-mɑŋ,bo-mo-mang
ㄆㄛ-ㄇㄠ-ㄏㄥ,-ɔ-mɑʊ-xəŋ,po-mao-heng
ㄨㄛ-ㄇㄣ,-ɔ-mən,wo-men
ㄛ-ㄇㄡ-ㄏㄡ,-ɔ-mɤʊ-xɤu,o-mou-hou
ㄈㄛ-ㄇㄜ-ㄊㄚ,-ɔ-mɯʌ-tʰa,fo-me-ta
ㄧㄛ-ㄇㄥ,-ɔ-mʊŋ,yo-meng
ㄇㄛ-ㄋㄚ,-ɔ-na,mo-na
ㄅㄛ-ㄋㄢ,-ɔ-nan,bo-nan
ㄆㄛ-ㄋㄞ,-ɔ-naɪ,po-nai
ㄨㄛ-ㄋㄟ,-ɔ-neɪ,wo-nei
ㄛ-ㄋㄧ,-ɔ-ni,o-ni
ㄈㄛ-ㄋㄨ,-ɔ-nu,fo-nu
ㄧㄛ-ㄋㄩ,-ɔ-ny,yo-nv
ㄇㄛ-ㄋㄤ,-ɔ-nɑŋ,mo-nang
ㄅㄛ-ㄋㄠ-ㄏㄜ-ㄊㄢ,-ɔ-nɑʊ-xɯʌ-tʰan,bo-nao-he-tan
ㄆㄛ-ㄋㄣ,-ɔ-nən,po-nen
ㄨㄛ-ㄋㄡ,-ɔ-nɤu,wo-nou
ㄛ-ㄋㄜ-ㄊㄞ,-ɔ-nɯʌ-tʰaɪ,o-ne-tai
ㄈㄛ-ㄋㄨㄥ,-ɔ-nʊŋ,fo-nong
ㄧㄛ-ㄅㄚ,-ɔ-pa,yo-ba
ㄇㄛ-ㄅㄢ,-ɔ-pan,mo-ban
ㄅㄛ-ㄅㄞ,-ɔ-paɪ,bo-bai
ㄆㄛ-ㄅㄟ,-ɔ-peɪ,po-bei
ㄨㄛ-ㄅㄧ,-ɔ-pi,wo-bi
ㄛ-ㄅㄨ,-ɔ-pu,o-bu
ㄈㄛ-ㄅㄛ-ㄅㄤ,-ɔ-puɔ-pɑŋ,fo-bo-bang
ㄧㄛ-ㄅㄠ-ㄏㄨㄥ,-ɔ-pɑʊ-xʊŋ,yo-bao-hong
ㄇㄛ-ㄅㄣ,-ɔ-pən,mo-ben
ㄅㄛ-ㄅㄡ,-ɔ-pɤu,bo-bou
ㄆㄛ-ㄅㄜ-ㄊㄧ,-ɔ-pɯʌ-tʰi,po-be-ti
ㄨㄛ-ㄅㄥ,-ɔ-pʊŋ,wo-beng
ㄛ-ㄆㄚ,-ɔ-pʰa,o-pa
ㄈㄛ-ㄆㄢ,-ɔ-pʰan,fo-pan
ㄧㄛ-ㄆㄞ,-ɔ-pʰaɪ,yo-pai
ㄇㄛ-ㄆㄟ,-ɔ-pʰeɪ,mo-pei
ㄅㄛ-ㄆㄧ,-ɔ-pʰi,bo-pi
ㄆㄛ-ㄆㄨ,-ɔ-pʰu,po-pu
ㄨㄛ-ㄆㄛ-ㄆㄤ,-ɔ-pʰuɔ-pʰɑŋ,wo-po-pang
ㄛ-ㄆㄠ-ㄩ,-ɔ-pʰɑʊ-y,o-pao-yu
ㄈㄛ-ㄆㄣ,-ɔ-pʰən,fo-pen
ㄧㄛ-ㄆㄡ,-ɔ-pʰɤu,yo-pou
ㄇㄛ-ㄆㄜ-ㄊㄨ,-ɔ-pʰɯʌ-tʰu,mo-pe-tu
ㄅㄛ-ㄆㄥ,-ɔ-pʰʊŋ,bo-peng
ㄆㄛ-ㄙㄚ,-ɔ-sa,po-sa
ㄨㄛ-ㄙㄢ,-ɔ-san,wo-san
ㄛ-ㄙㄞ,-ɔ-saɪ,o-sai
ㄈㄛ-ㄙㄨ,-ɔ-su,fo-su
ㄧㄛ-ㄙㄤ,-ɔ-sɑŋ,yo-sang
ㄇㄛ-ㄙㄠ-ㄩㄣ,-ɔ-sɑʊ-yn,mo-sao-yun
ㄅㄛ-ㄙㄣ,-ɔ-sən,bo-sen
ㄆㄛ-ㄙㄥ,-ɔ-səŋ,po-seng
ㄨㄛ-ㄙㄡ,-ɔ-sɤu,wo-sou
ㄛ-ㄙ-ㄍㄣ,-ɔ-sɨ-kən,o-si-gen
ㄈㄛ-ㄙㄜ-ㄊㄤ,-ɔ-sɯʌ-tʰɑŋ,fo-se-tang
ㄧㄛ-ㄙㄨㄥ,-ɔ-sʊŋ,yo-song
ㄇㄛ-ㄉㄚ,-ɔ-ta,mo-da
ㄅㄛ-ㄉㄢ,-ɔ-tan,bo-dan
ㄆㄛ-ㄉㄞ,-ɔ-taɪ,po-dai
ㄨㄛ-ㄉㄟ,-ɔ-teɪ,wo-dei
ㄛ-ㄉㄧ,-ɔ-ti,o-di
ㄈㄛ-ㄗㄚ,-ɔ-tsa,fo-za
ㄧㄛ-ㄗㄢ,-ɔ-tsan,yo-zan
ㄇㄛ-ㄗㄞ,-ɔ-tsaɪ,mo-zai
ㄅㄛ-ㄗㄟ,-ɔ-tseɪ,bo-zei
ㄆㄛ-ㄗㄨ,-ɔ-tsu,po-zu
ㄨㄛ-ㄗㄤ,-ɔ-tsɑŋ,wo-zang
ㄛ-ㄗㄠ-ㄩㄝ-ㄌㄩ,-ɔ-tsɑʊ-yɛ-ly,o-zao-yue-lv
ㄈㄛ-ㄗㄣ,-ɔ-tsən,fo-zen
ㄧㄛ-ㄗㄥ,-ɔ-tsəŋ,yo-zeng
ㄇㄛ-ㄗㄡ,-ɔ-tsɤu,mo-zou
ㄅㄛ-ㄗ-ㄍㄥ,-ɔ-tsɨ-kəŋ,bo-zi-geng
ㄆㄛ-ㄗㄜ-ㄊㄠ-ㄩㄢ,-ɔ-tsɯʌ-tʰɑʊ-yɛn,po-ze-tao-yuan
ㄨㄛ-ㄗㄨㄥ,-ɔ-tsʊŋ,wo-zong
ㄛ-ㄘㄚ,-ɔ-tsʰa,o-ca
ㄈㄛ-ㄘㄢ,-ɔ-tsʰan,fo-can
ㄧㄛ-ㄘㄞ,-ɔ-tsʰaɪ,yo-cai
ㄇㄛ-ㄘㄨ,-ɔ-tsʰu,mo-cu
ㄅㄛ-ㄘㄤ,-ɔ-tsʰɑŋ,bo-cang
ㄆㄛ-ㄘㄠ-ㄩㄥ,-ɔ-tsʰɑʊ-yʊŋ,po-cao-yong
ㄨㄛ-ㄘㄣ,-ɔ-tsʰən,wo-cen
ㄛ-ㄘㄥ,-ɔ-tsʰəŋ,o-ceng
ㄈㄛ-ㄘㄡ,-ɔ-tsʰɤu,fo-cou
ㄧㄛ-ㄘ-ㄍㄡ,-ɔ-tsʰɨ-kɤu,yo-ci-gou
ㄇㄛ-ㄘㄜ-ㄊㄥ,-ɔ-tsʰɯʌ-tʰəŋ,mo-ce-teng
ㄅㄛ-ㄘㄨㄥ,-ɔ-tsʰʊŋ,bo-cong
ㄆㄛ-ㄉㄨ,-ɔ-tu,po-du
ㄨㄛ-ㄉㄤ,-ɔ-tɑŋ,wo-dang
ㄛ-ㄉㄠ-ㄤ,-ɔ-tɑʊ-ɑŋ,o-dao-ang
ㄈㄛ-ㄐㄧ,-ɔ-tɕi,fo-ji
ㄧㄛ-ㄐㄩㄥ,-ɔ-tɕiʊŋ,yo-jiong
ㄇㄛ-ㄐㄩ,-ɔ-tɕy,mo-ju
ㄅㄛ-ㄐㄩㄣ,-ɔ-tɕyn,bo-jun
ㄆㄛ-ㄐㄩㄝ-ㄌㄩㄣ,-ɔ-tɕyɛ-lyn,po-jue-lvn
ㄨㄛ-ㄐㄩㄢ,-ɔ-tɕyɛn,wo-juan
ㄛ-ㄑㄧ,-ɔ-tɕʰi,o-qi
ㄈㄛ-ㄑㄩㄥ,-ɔ-tɕʰiʊŋ,fo-qiong
ㄧㄛ-ㄑㄩ,-ɔ-tɕʰy,yo-qu
ㄇㄛ-ㄑㄩㄣ,-ɔ-tɕʰyn,mo-qun
ㄅㄛ-ㄑㄩㄝ-ㄌㄩㄝ-ㄌㄩㄢ,-ɔ-tɕʰyɛ-lyɛ-lyɛn,bo-que-lue-lvan
ㄆㄛ-ㄑㄩㄢ,-ɔ-tɕʰyɛn,po-quan
ㄨㄛ-ㄉㄥ,-ɔ-təŋ,wo-deng
ㄛ-ㄉㄡ,-ɔ-tɤu,o-dou
ㄈㄛ-ㄉㄜ-ㄊㄡ,-ɔ-tɯʌ-tʰɤu,fo-de-tou
ㄧㄛ-ㄉㄨㄥ,-ɔ-tʊŋ,yo-dong
ㄇㄛ-ㄊㄚ,-ɔ-tʰa,mo-ta
ㄅㄛ-ㄊㄢ,-ɔ-tʰan,bo-tan
ㄆㄛ-ㄊㄞ,-ɔ-tʰaɪ,po-tai
ㄨㄛ-ㄊㄧ,-ɔ-tʰi,wo-ti
ㄛ-ㄊㄨ,-ɔ-tʰu,o-tu
ㄈㄛ-ㄊㄤ,-ɔ-tʰɑŋ,fo-tang
ㄧㄛ-ㄊㄠ-ㄠ-ㄛ-ㄊㄥ,-ɔ-tʰɑʊ-ɑʊ-ɔ-tʰəŋ,yo-tao-ao-o-teng
ㄇㄛ-ㄊㄡ,-ɔ-tʰɤu,mo-tou
ㄅㄛ-ㄊㄜ-ㄊㄜ-ㄊㄨㄥ,-ɔ-tʰɯʌ-tʰɯʌ-tʰʊŋ,bo-te-te-tong
ㄆㄛ-ㄊㄨㄥ,-ɔ-tʰʊŋ,po-tong
ㄨㄛ-ㄨ,-ɔ-u,wo-wu
ㄛ-ㄨㄚ,-ɔ-ua,o-wa
ㄈㄛ-ㄨㄢ,-ɔ-uan,fo-wan
ㄧㄛ-ㄨㄞ,-ɔ-uaɪ,yo-wai
ㄇㄛ-ㄨㄟ,-ɔ-ueɪ,mo-wei
ㄅㄛ-ㄨㄤ,-ɔ-uɑŋ,bo-wang
ㄆㄛ-ㄨㄛ-ㄨㄣ,-ɔ-uɔ-uən,po-wo-wen
ㄨㄛ-ㄨㄥ,-ɔ-uʊŋ,wo-weng
ㄛ-ㄏㄚ,-ɔ-xa,o-ha
ㄈㄛ-ㄏㄢ,-ɔ-xan,fo-han
ㄧㄛ-ㄏㄞ,-ɔ-xaɪ,yo-hai
ㄇㄛ-ㄏㄟ,-ɔ-xeɪ,mo-hei
ㄅㄛ-ㄏㄨ,-ɔ-xu,bo-hu
ㄆㄛ-ㄏㄤ,-ɔ-xɑŋ,po-hang
ㄨㄛ-ㄏㄠ-ㄒㄧ,-ɔ-xɑʊ-ɕi,wo-hao-xi
ㄛ-ㄏㄣ,-ɔ-xən,o-hen
ㄈㄛ-ㄏㄥ,-ɔ-xəŋ,fo-heng
ㄧㄛ-ㄏㄡ,-ɔ-xɤu,yo-hou
ㄇㄛ-ㄏㄜ-ㄨ,-ɔ-xɯʌ-u,mo-he-wu
ㄅㄛ-ㄏㄨㄥ,-ɔ-xʊŋ,bo-hong
ㄆㄛ-ㄩ,-ɔ-y,po-yu
ㄨㄛ-ㄩㄣ,-ɔ-yn,wo-yun
ㄛ-ㄩㄝ-ㄌㄤ,-ɔ-yɛ-lɑŋ,o-yue-lang
ㄈㄛ-ㄩㄢ,-ɔ-yɛn,fo-yuan
ㄧㄛ-ㄩㄥ,-ɔ-yʊŋ,yo-yong
ㄇㄛ-ㄤ,-ɔ-ɑŋ,mo-ang
ㄅㄛ-ㄠ-ㄒㄩㄥ,-ɔ-ɑʊ-ɕiʊŋ,bo-ao-xiong
ㄆㄛ-ㄛ-ㄒㄧ,-ɔ-ɔ-ɕi,po-o-xi
ㄨㄛ-ㄒㄩㄥ,-ɔ-ɕiʊŋ,wo-xiong
ㄛ-ㄒㄩ,-ɔ-ɕy,o-xu
ㄈㄛ-ㄒㄩㄣ,-ɔ-ɕyn,fo-xun
ㄧㄛ-ㄒㄩㄝ-ㄌㄠ-ㄒㄩ,-ɔ-ɕyɛ-lɑʊ-ɕy,yo-xue-lao-xu
ㄇㄛ-ㄒㄩㄢ,-ɔ-ɕyɛn,mo-xuan
ㄅㄛ-ㄣ,-ɔ-ən,bo-en
ㄆㄛ-ㄦ-ㄈㄤ,-ɔ-ɚ-fɑŋ,po-er-fang
ㄨㄛ-ㄡ,-ɔ-ɤu,wo-ou
ㄛ-ㄧㄣ,-ɔ-ɪn,o-yin
ㄈㄛ-ㄜ-ㄨㄚ,-ɔ-ɯʌ-ua,fo-e-wa
ㄧㄛ-ㄖㄢ,-ɔ-ɹan,yo-ran
ㄇㄛ-ㄖㄨ,-ɔ-ɹu,mo-ru
ㄅㄛ-ㄖㄤ,-ɔ-ɹɑŋ,bo-rang
ㄆㄛ-ㄖㄠ-ㄒㄩㄣ,-ɔ-ɹɑʊ-ɕyn,po-rao-xun
ㄨㄛ-ㄖㄣ,-ɔ-ɹən,wo-ren
ㄛ-ㄖㄥ,-ɔ-ɹəŋ,o-reng
ㄈㄛ-ㄖㄡ,-ɔ-ɹɤu,fo-rou
ㄧㄛ-ㄖ-ㄍㄡ,-ɔ-ɹɨ̹-kɤu,yo-ri-gou
ㄇㄛ-ㄖㄜ-ㄨㄢ,-ɔ-ɹɯʌ-uan,mo-re-wan
ㄅㄛ-ㄖㄨㄥ,-ɔ-ɹʊŋ,bo-rong
ㄆㄛ-ㄕㄚ,-ɔ-ʂa,po-sha
ㄨㄛ-ㄕㄢ,-ɔ-ʂan,wo-shan
ㄛ-ㄕㄞ,-ɔ-ʂaɪ,o-shai
ㄈㄛ-ㄕㄟ,-ɔ-ʂeɪ,fo-shei
ㄧㄛ-ㄕㄨ,-ɔ-ʂu,yo-shu
ㄇㄛ-ㄕㄤ,-ɔ-ʂɑŋ,mo-shang
ㄅㄛ-ㄕㄠ-ㄒㄩㄝ-ㄌㄥ,-ɔ-ʂɑʊ-ɕyɛ-ləŋ,bo-shao-xue-leng
ㄆㄛ-ㄕㄣ,-ɔ-ʂən,po-shen
ㄨㄛ-ㄕㄥ,-ɔ-ʂəŋ,wo-sheng
ㄛ-ㄕㄡ,-ɔ-ʂɤu,o-shou
ㄈㄛ-ㄕ-ㄍㄜ-ㄨㄞ,-ɔ-ʂɨ̹-kɯʌ-uaɪ,fo-shi-ge-wai
ㄧㄛ-ㄕㄜ-ㄨㄟ,-ɔ-ʂɯʌ-ueɪ,yo-she-wei
ㄇㄛ-ㄓㄢ,-ɔ-ʈʂan,mo-zhan
ㄅㄛ-ㄓㄞ,-ɔ-ʈʂaɪ,bo-zhai
ㄆㄛ-ㄓㄟ,-ɔ-ʈʂeɪ,po-zhei
ㄨㄛ-ㄓㄨ,-ɔ-ʈʂu,wo-zhu
ㄛ-ㄓㄚ,-ɔ-ʈʂɑ,o-zha
ㄈㄛ-ㄓㄤ,-ɔ-ʈʂɑŋ,fo-zhang
ㄧㄛ-ㄓㄠ-ㄒㄩㄢ,-ɔ-ʈʂɑʊ-ɕyɛn,yo-zhao-xuan
ㄇㄛ-ㄓㄣ,-ɔ-ʈʂən,mo-zhen
ㄅㄛ-ㄓㄥ,-ɔ-ʈʂəŋ,bo-zheng
ㄆㄛ-ㄓㄡ,-ɔ-ʈʂɤu,po-zhou
ㄨㄛ-ㄓ-ㄍㄨㄥ,-ɔ-ʈʂɨ̹-kʊŋ,wo-zhi-gong
ㄛ-ㄓㄜ-ㄨㄤ,-ɔ-ʈʂɯʌ-uɑŋ,o-zhe-wang
ㄈㄛ-ㄓㄨㄥ,-ɔ-ʈʂʊŋ,fo-zhong
ㄧㄛ-ㄔㄚ,-ɔ-ʈʂʰa,yo-cha
ㄇㄛ-ㄔㄢ,-ɔ-ʈʂʰan,mo-chan
ㄅㄛ-ㄔㄞ,-ɔ-ʈʂʰaɪ,bo-chai
ㄆㄛ-ㄔㄨ,-ɔ-ʈʂʰu,po-chu
ㄨㄛ-ㄔㄤ,-ɔ-ʈʂʰɑŋ,wo-chang
ㄛ-ㄔㄠ-ㄣ,-ɔ-ʈʂʰɑʊ-ən,o-chao-en
ㄈㄛ-ㄔㄣ,-ɔ-ʈʂʰən,fo-chen
ㄧㄛ-ㄔㄥ,-ɔ-ʈʂʰəŋ,yo-cheng
ㄇㄛ-ㄔㄡ,-ɔ-ʈʂʰɤu,mo-chou
ㄅㄛ-ㄔ-ㄎㄚ,-ɔ-ʈʂʰɨ̹-kʰa,bo-chi-ka
ㄆㄛ-ㄔㄜ-ㄨㄛ-ㄔㄨㄥ,-ɔ-ʈʂʰɯʌ-uɔ-ʈʂʰʊŋ,po-che-wo-chong
ㄨㄛ-ㄨㄥA,-ɔ-ʊŋ,wo-wenga
ㄦ-ㄈㄛ,-ɚ-fɔ,er-fo
ㄦ-ㄈㄣ,-ɚ-fən,er-fen
ㄦ-ㄈㄡ-ㄦ-ㄈㄜ-ㄨㄣ,-ɚ-fɤʊ-ɚ-fɯʌ-uən,er-fou-er-fe-wen
ㄦ-ㄈㄥ,-ɚ-fʊŋ,er-feng
ㄦ-ㄧ,-ɚ-i,er-yi
ㄦ-ㄧㄚ,-ɚ-ia,er-ya
ㄦ-ㄧㄞ,-ɚ-iaɪ,er-yai
ㄦ-ㄧㄥ,-ɚ-iŋ,er-ying
ㄦ-ㄧㄤ,-ɚ-iɑŋ,er-yang
ㄦ-ㄧㄠ-ㄡ,-ɚ-iɑʊ-ɤu,er-yao-ou
ㄦ-ㄧㄛ,-ɚ-iɔ,er-yo
ㄦ-ㄧㄝ-ㄌㄡ,-ɚ-iɛ-lɤu,er-ye-lou
ㄦ-ㄧㄢ,-ɚ-iɛn,er-yan
ㄦ-ㄧㄡ,-ɚ-iɤu,er-you
ㄦ-ㄍㄚ,-ɚ-ka,er-ga
ㄦ-ㄍㄞ,-ɚ-kaɪ,er-gai
ㄦ-ㄍㄟ,-ɚ-keɪ,er-gei
ㄦ-ㄍㄨ,-ɚ-ku,er-gu
ㄦ-ㄍㄢ,-ɚ-kɑn,er-gan
ㄦ-ㄍㄤ,-ɚ-kɑŋ,er-gang
ㄦ-ㄍㄠ-ㄧㄣ,-ɚ-kɑʊ-ɪn,er-gao-yin
ㄦ-ㄍㄣ,-ɚ-kən,er-gen
ㄦ-ㄍㄥ,-ɚ-kəŋ,er-geng
ㄦ-ㄍㄡ,-ɚ-kɤu,er-gou
ㄦ-ㄍㄜ-ㄨㄥ,-ɚ-kɯʌ-uʊŋ,er-ge-weng
ㄦ-ㄍㄨㄥ,-ɚ-kʊŋ,er-gong
ㄦ-ㄎㄚ,-ɚ-kʰa,er-ka
ㄦ-ㄎㄢ,-ɚ-kʰan,er-kan
ㄦ-ㄎㄞ,-ɚ-kʰaɪ,er-kai
ㄦ-ㄎㄨ,-ɚ-kʰu,er-ku
ㄦ-ㄎㄤ,-ɚ-kʰɑŋ,er-kang
ㄦ-ㄎㄠ-ㄜ-ㄏㄚ,-ɚ-kʰɑʊ-ɯʌ-xa,er-kao-e-ha
ㄦ-ㄎㄣ,-ɚ-kʰən,er-ken
ㄦ-ㄎㄥ,-ɚ-kʰəŋ,er-keng
ㄦ-ㄎㄡ,-ɚ-kʰɤu,er-kou
ㄦ-ㄎㄜ-ㄏㄢ,-ɚ-kʰɯʌ-xan,er-ke-han
ㄦ-ㄎㄨㄥ,-ɚ-kʰʊŋ,er-kong
ㄦ-ㄌㄚ,-ɚ-la,er-la
ㄦ-ㄌㄢ,-ɚ-lan,er-lan
ㄦ-ㄌㄞ,-ɚ-laɪ,er-lai
ㄦ-ㄌㄟ,-ɚ-leɪ,er-lei
ㄦ-ㄌㄧ,-ɚ-li,er-li
ㄦ-ㄌㄨ,-ɚ-lu,er-lu
ㄦ-ㄌㄩ,-ɚ-ly,er-lv
ㄦ-ㄌㄩㄣ,-ɚ-lyn,er-lvn
ㄦ-ㄌㄩㄝ-ㄌㄜ-ㄏㄞ,-ɚ-lyɛ-lɯʌ-xaɪ,er-lue-le-hai
ㄦ-ㄌㄩㄢ,-ɚ-lyɛn,er-lvan
ㄦ-ㄌㄤ,-ɚ-lɑŋ,er-lang
ㄦ-ㄌㄠ-ㄖㄢ,-ɚ-lɑʊ-ɹan,er-lao-ran
ㄦ-ㄌㄥ,-ɚ-ləŋ,er-leng
ㄦ-ㄌㄡ,-ɚ-lɤu,er-lou
ㄦ-ㄌㄜ-ㄏㄟ,-ɚ-lɯʌ-xeɪ,er-le-hei
ㄦ-ㄌㄨㄥ,-ɚ-lʊŋ,er-long
ㄦ-ㄇㄚ,-ɚ-ma,er-ma
ㄦ-ㄇㄢ,-ɚ-man,er-man
ㄦ-ㄇㄞ,-ɚ-maɪ,er-mai
ㄦ-ㄇㄟ,-ɚ-meɪ,er-mei
ㄦ-ㄇㄧ,-ɚ-mi,er-mi
ㄦ-ㄇㄨ,-ɚ-mu,er-mu
ㄦ-ㄇㄛ,-ɚ-muɔ,er-mo
ㄦ-ㄇㄤ,-ɚ-mɑŋ,er-mang
ㄦ-ㄇㄠ-ㄖㄨ,-ɚ-mɑʊ-ɹu,er-mao-ru
ㄦ-ㄇㄣ,-ɚ-mən,er-men
ㄦ-ㄇㄡ-ㄖㄤ,-ɚ-mɤʊ-ɹɑŋ,er-mou-rang
ㄦ-ㄇㄜ-ㄏㄨ,-ɚ-mɯʌ-xu,er-me-hu
ㄦ-ㄇㄥ,-ɚ-mʊŋ,er-meng
ㄦ-ㄋㄚ,-ɚ-na,er-na
ㄦ-ㄋㄢ,-ɚ-nan,er-nan
ㄦ-ㄋㄞ,-ɚ-naɪ,er-nai
ㄦ-ㄋㄟ,-ɚ-neɪ,er-nei
ㄦ-ㄋㄧ,-ɚ-ni,er-ni
ㄦ-ㄋㄨ,-ɚ-nu,er-nu
ㄦ-ㄋㄩ,-ɚ-ny,er-nv
ㄦ-ㄋㄤ,-ɚ-nɑŋ,er-nang
ㄦ-ㄋㄠ-ㄖㄠ-ㄖㄣ,-ɚ-nɑʊ-ɹɑʊ-ɹən,er-nao-rao-ren
ㄦ-ㄋㄣ,-ɚ-nən,er-nen
ㄦ-ㄋㄡ,-ɚ-nɤu,er-nou
ㄦ-ㄋㄜ-ㄏㄤ,-ɚ-nɯʌ-xɑŋ,er-ne-hang
ㄦ-ㄋㄨㄥ,-ɚ-nʊŋ,er-nong
ㄦ-ㄅㄚ,-ɚ-pa,er-ba
ㄦ-ㄅㄢ,-ɚ-pan,er-ban
ㄦ-ㄅㄞ,-ɚ-paɪ,er-bai
ㄦ-ㄅㄟ,-ɚ-peɪ,er-bei
ㄦ-ㄅㄧ,-ɚ-pi,er-bi
ㄦ-ㄅㄨ,-ɚ-pu,er-bu
ㄦ-ㄅㄛ,-ɚ-puɔ,er-bo
ㄦ-ㄅㄤ,-ɚ-pɑŋ,er-bang
ㄦ-ㄅㄠ-ㄖㄥ,-ɚ-pɑʊ-ɹəŋ,er-bao-reng
ㄦ-ㄅㄣ,-ɚ-pən,er-ben
ㄦ-ㄅㄡ,-ɚ-pɤu,er-bou
ㄦ-ㄅㄜ-ㄏㄠ-ㄖㄡ,-ɚ-pɯʌ-xɑʊ-ɹɤu,er-be-hao-rou
ㄦ-ㄅㄥ,-ɚ-pʊŋ,er-beng
ㄦ-ㄆㄚ,-ɚ-pʰa,er-pa
ㄦ-ㄆㄢ,-ɚ-pʰan,er-pan
ㄦ-ㄆㄞ,-ɚ-pʰaɪ,er-pai
ㄦ-ㄆㄟ,-ɚ-pʰeɪ,er-pei
ㄦ-ㄆㄧ,-ɚ-pʰi,er-pi
ㄦ-ㄆㄨ,-ɚ-pʰu,er-pu
ㄦ-ㄆㄛ,-ɚ-pʰuɔ,er-po
ㄦ-ㄆㄤ,-ɚ-pʰɑŋ,er-pang
ㄦ-ㄆㄠ-ㄖ-ㄎㄢ,-ɚ-pʰɑʊ-ɹɨ̹-kʰan,er-pao-ri-kan
ㄦ-ㄆㄣ,-ɚ-pʰən,er-pen
ㄦ-ㄆㄡ,-ɚ-pʰɤu,er-pou
ㄦ-ㄆㄜ-ㄏㄣ,-ɚ-pʰɯʌ-xən,er-pe-hen
ㄦ-ㄆㄥ,-ɚ-pʰʊŋ,er-peng
ㄦ-ㄙㄚ,-ɚ-sa,er-sa
ㄦ-ㄙㄢ,-ɚ-san,er-san
ㄦ-ㄙㄞ,-ɚ-saɪ,er-sai
ㄦ-ㄙㄨ,-ɚ-su,er-su
ㄦ-ㄙㄤ,-ɚ-sɑŋ,er-sang
ㄦ-ㄙㄠ-ㄖㄜ-ㄏㄥ,-ɚ-sɑʊ-ɹɯʌ-xəŋ,er-sao-re-heng
ㄦ-ㄙㄣ,-ɚ-sən,er-sen
ㄦ-ㄙㄥ,-ɚ-səŋ,er-seng
ㄦ-ㄙㄡ,-ɚ-sɤu,er-sou
ㄦ-ㄙ-ㄍㄜ-ㄏㄡ,-ɚ-sɨ-kɯʌ-xɤu,er-si-ge-hou
ㄦ-ㄙㄜ-ㄏㄜ-ㄏㄨㄥ,-ɚ-sɯʌ-xɯʌ-xʊŋ,er-se-he-hong
ㄦ-ㄙㄨㄥ,-ɚ-sʊŋ,er-song
ㄦ-ㄉㄚ,-ɚ-ta,er-da
ㄦ-ㄉㄢ,-ɚ-tan,er-dan
ㄦ-ㄉㄞ,-ɚ-taɪ,er-dai
ㄦ-ㄉㄟ,-ɚ-teɪ,er-dei
ㄦ-ㄉㄧ,-ɚ-ti,er-di
ㄦ-ㄗㄚ,-ɚ-tsa,er-za
ㄦ-ㄗㄢ,-ɚ-tsan,er-zan
ㄦ-ㄗㄞ,-ɚ-tsaɪ,er-zai
ㄦ-ㄗㄟ,-ɚ-tseɪ,er-zei
ㄦ-ㄗㄨ,-ɚ-tsu,er-zu
ㄦ-ㄗㄤ,-ɚ-tsɑŋ,er-zang
ㄦ-ㄗㄠ-ㄖㄨㄥ,-ɚ-tsɑʊ-ɹʊŋ,er-zao-rong
ㄦ-ㄗㄣ,-ɚ-tsən,er-zen
ㄦ-ㄗㄥ,-ɚ-tsəŋ,er-zeng
ㄦ-ㄗㄡ,-ɚ-tsɤu,er-zou
ㄦ-ㄗ-ㄍㄨㄥ,-ɚ-tsɨ-kʊŋ,er-zi-gong
ㄦ-ㄗㄜ-ㄩ,-ɚ-tsɯʌ-y,er-ze-yu
ㄦ-ㄗㄨㄥ,-ɚ-tsʊŋ,er-zong
ㄦ-ㄘㄚ,-ɚ-tsʰa,er-ca
ㄦ-ㄘㄢ,-ɚ-tsʰan,er-can
ㄦ-ㄘㄞ,-ɚ-tsʰaɪ,er-cai
ㄦ-ㄘㄨ,-ɚ-tsʰu,er-cu
ㄦ-ㄘㄤ,-ɚ-tsʰɑŋ,er-cang
ㄦ-ㄘㄠ-ㄕㄚ,-ɚ-tsʰɑʊ-ʂa,er-cao-sha
ㄦ-ㄘㄣ,-ɚ-tsʰən,er-cen
ㄦ-ㄘㄥ,-ɚ-tsʰəŋ,er-ceng
ㄦ-ㄘㄡ,-ɚ-tsʰɤu,er-cou
ㄦ-ㄘ-ㄎㄚ,-ɚ-tsʰɨ-kʰa,er-ci-ka
ㄦ-ㄘㄜ-ㄩㄣ,-ɚ-tsʰɯʌ-yn,er-ce-yun
ㄦ-ㄘㄨㄥ,-ɚ-tsʰʊŋ,er-cong
ㄦ-ㄉㄨ,-ɚ-tu,er-du
ㄦ-ㄉㄤ,-ɚ-tɑŋ,er-dang
ㄦ-ㄉㄠ-ㄕㄢ,-ɚ-tɑʊ-ʂan,er-dao-shan
ㄦ-ㄐㄧ,-ɚ-tɕi,er-ji
ㄦ-ㄐㄩㄥ,-ɚ-tɕiʊŋ,er-jiong
ㄦ-ㄐㄩ,-ɚ-tɕy,er-ju
ㄦ-ㄐㄩㄣ,-ɚ-tɕyn,er-jun
ㄦ-ㄐㄩㄝ-ㄌㄨㄥ,-ɚ-tɕyɛ-lʊŋ,er-jue-long
ㄦ-ㄐㄩㄢ,-ɚ-tɕyɛn,er-juan
ㄦ-ㄑㄧ,-ɚ-tɕʰi,er-qi
ㄦ-ㄑㄩㄥ,-ɚ-tɕʰiʊŋ,er-qiong
ㄦ-ㄑㄩ,-ɚ-tɕʰy,er-qu
ㄦ-ㄑㄩㄣ,-ɚ-tɕʰyn,er-qun
ㄦ-ㄑㄩㄝ-ㄇㄚ,-ɚ-tɕʰyɛ-ma,er-que-ma
ㄦ-ㄑㄩㄢ,-ɚ-tɕʰyɛn,er-quan
ㄦ-ㄉㄥ,-ɚ-təŋ,er-deng
ㄦ-ㄉㄡ,-ɚ-tɤu,er-dou
ㄦ-ㄉㄜ-ㄩㄝ-ㄇㄢ,-ɚ-tɯʌ-yɛ-man,er-de-yue-man
ㄦ-ㄉㄨㄥ,-ɚ-tʊŋ,er-dong
ㄦ-ㄊㄚ,-ɚ-tʰa,er-ta
ㄦ-ㄊㄢ,-ɚ-tʰan,er-tan
ㄦ-ㄊㄞ,-ɚ-tʰaɪ,er-tai
ㄦ-ㄊㄧ,-ɚ-tʰi,er-ti
ㄦ-ㄊㄨ,-ɚ-tʰu,er-tu
ㄦ-ㄊㄤ,-ɚ-tʰɑŋ,er-tang
ㄦ-ㄊㄠ-ㄕㄞ,-ɚ-tʰɑʊ-ʂaɪ,er-tao-shai
ㄦ-ㄊㄥ,-ɚ-tʰəŋ,er-teng
ㄦ-ㄊㄡ,-ɚ-tʰɤu,er-tou
ㄦ-ㄊㄜ-ㄩㄢ,-ɚ-tʰɯʌ-yɛn,er-te-yuan
ㄦ-ㄊㄨㄥ,-ɚ-tʰʊŋ,er-tong
ㄦ-ㄨ,-ɚ-u,er-wu
ㄦ-ㄨㄚ,-ɚ-ua,er-wa
ㄦ-ㄨㄢ,-ɚ-uan,er-wan
ㄦ-ㄨㄞ,-ɚ-uaɪ,er-wai
ㄦ-ㄨㄟ,-ɚ-ueɪ,er-wei
ㄦ-ㄨㄤ,-ɚ-uɑŋ,er-wang
ㄦ-ㄨㄛ,-ɚ-uɔ,er-wo
ㄦ-ㄨㄣ,-ɚ-uən,er-wen
ㄦ-ㄨㄥ,-ɚ-uʊŋ,er-weng
ㄦ-ㄏㄚ,-ɚ-xa,er-ha
ㄦ-ㄏㄢ,-ɚ-xan,er-han
ㄦ-ㄏㄞ,-ɚ-xaɪ,er-hai
ㄦ-ㄏㄟ,-ɚ-xeɪ,er-hei
ㄦ-ㄏㄨ,-ɚ-xu,er-hu
ㄦ-ㄏㄤ,-ɚ-xɑŋ,er-hang
ㄦ-ㄏㄠ-ㄕㄟ,-ɚ-xɑʊ-ʂeɪ,er-hao-shei
ㄦ-ㄏㄣ,-ɚ-xən,er-hen
ㄦ-ㄏㄥ,-ɚ-xəŋ,er-heng
ㄦ-ㄏㄡ,-ɚ-xɤu,er-hou
ㄦ-ㄏㄜ-ㄩㄥ,-ɚ-xɯʌ-yʊŋ,er-he-yong
ㄦ-ㄏㄨㄥ,-ɚ-xʊŋ,er-hong
ㄦ-ㄩ,-ɚ-y,er-yu
ㄦ-ㄩㄣ,-ɚ-yn,er-yun
ㄦ-ㄩㄝ-ㄇㄞ,-ɚ-yɛ-maɪ,er-yue-mai
ㄦ-ㄩㄢ,-ɚ-yɛn,er-yuan
ㄦ-ㄩㄥ,-ɚ-yʊŋ,er-yong
ㄦ-ㄤ,-ɚ-ɑŋ,er-ang
ㄦ-ㄠ-ㄕㄨ,-ɚ-ɑʊ-ʂu,er-ao-shu
ㄦ-ㄛ,-ɚ-ɔ,er-o
ㄦ-ㄒㄧ,-ɚ-ɕi,er-xi
ㄦ-ㄒㄩㄥ,-ɚ-ɕiʊŋ,er-xiong
ㄦ-ㄒㄩ,-ɚ-ɕy,er-xu
ㄦ-ㄒㄩㄣ,-ɚ-ɕyn,er-xun
ㄦ-ㄒㄩㄝ-ㄇㄟ,-ɚ-ɕyɛ-meɪ,er-xue-mei
ㄦ-ㄒㄩㄢ,-ɚ-ɕyɛn,er-xuan
ㄦ-ㄣ,-ɚ-ən,er-en
ㄦ-ㄦ-ㄡ,-ɚ-ɚ-ɤu,er-er-ou
ㄦ-ㄧㄣ,-ɚ-ɪn,er-yin
ㄦ-ㄜ-ㄤ,-ɚ-ɯʌ-ɑŋ,er-e-ang
ㄦ-ㄖㄢ,-ɚ-ɹan,er-ran
ㄦ-ㄖㄨ,-ɚ-ɹu,er-ru
ㄦ-ㄖㄤ,-ɚ-ɹɑŋ,er-rang
ㄦ-ㄖㄠ-ㄕㄤ,-ɚ-ɹɑʊ-ʂɑŋ,er-rao-shang
ㄦ-ㄖㄣ,-ɚ-ɹən,er-ren
ㄦ-ㄖㄥ,-ɚ-ɹəŋ,er-reng
ㄦ-ㄖㄡ,-ɚ-ɹɤu,er-rou
ㄦ-ㄖ-ㄎㄞ,-ɚ-ɹɨ̹-kʰaɪ,er-ri-kai
ㄦ-ㄖㄜ-ㄠ-ㄕㄠ-ㄕㄣ,-ɚ-ɹɯʌ-ɑʊ-ʂɑʊ-ʂən,er-re-ao-shao-shen
ㄦ-ㄖㄨㄥ,-ɚ-ɹʊŋ,er-rong
ㄦ-ㄕㄚ,-ɚ-ʂa,er-sha
ㄦ-ㄕㄢ,-ɚ-ʂan,er-shan
ㄦ-ㄕㄞ,-ɚ-ʂaɪ,er-shai
ㄦ-ㄕㄟ,-ɚ-ʂeɪ,er-shei
ㄦ-ㄕㄨ,-ɚ-ʂu,er-shu
ㄦ-ㄕㄤ,-ɚ-ʂɑŋ,er-shang
ㄦ-ㄕㄠ-ㄕㄥ,-ɚ-ʂɑʊ-ʂəŋ,er-shao-sheng
ㄦ-ㄕㄣ,-ɚ-ʂən,er-shen
ㄦ-ㄕㄥ,-ɚ-ʂəŋ,er-sheng
ㄦ-ㄕㄡ,-ɚ-ʂɤu,er-shou
ㄦ-ㄕ-ㄎㄨ,-ɚ-ʂɨ̹-kʰu,er-shi-ku
ㄦ-ㄕㄜ-ㄛ,-ɚ-ʂɯʌ-ɔ,er-she-o
ㄦ-ㄓㄢ,-ɚ-ʈʂan,er-zhan
ㄦ-ㄓㄞ,-ɚ-ʈʂaɪ,er-zhai
ㄦ-ㄓㄟ,-ɚ-ʈʂeɪ,er-zhei
ㄦ-ㄓㄨ,-ɚ-ʈʂu,er-zhu
ㄦ-ㄓㄚ,-ɚ-ʈʂɑ,er-zha
ㄦ-ㄓㄤ,-ɚ-ʈʂɑŋ,er-zhang
ㄦ-ㄓㄠ-ㄕㄡ,-ɚ-ʈʂɑʊ-ʂɤu,er-zhao-shou
ㄦ-ㄓㄣ,-ɚ-ʈʂən,er-zhen
ㄦ-ㄓㄥ,-ɚ-ʈʂəŋ,er-zheng
ㄦ-ㄓㄡ,-ɚ-ʈʂɤu,er-zhou
ㄦ-ㄓ-ㄎㄤ,-ɚ-ʈʂɨ̹-kʰɑŋ,er-zhi-kang
ㄦ-ㄓㄜ-ㄒㄧ,-ɚ-ʈʂɯʌ-ɕi,er-zhe-xi
ㄦ-ㄓㄨㄥ,-ɚ-ʈʂʊŋ,er-zhong
ㄦ-ㄔㄚ,-ɚ-ʈʂʰa,er-cha
ㄦ-ㄔㄢ,-ɚ-ʈʂʰan,er-chan
ㄦ-ㄔㄞ,-ɚ-ʈʂʰaɪ,er-chai
ㄦ-ㄔㄨ,-ɚ-ʈʂʰu,er-chu
ㄦ-ㄔㄤ,-ɚ-ʈʂʰɑŋ,er-chang
ㄦ-ㄔㄠ-ㄕ-ㄎㄠ-ㄕㄜ,-ɚ-ʈʂʰɑʊ-ʂɨ̹-kʰɑʊ-ʂɯʌ,er-chao-shi-kao-she
ㄦ-ㄔㄣ,-ɚ-ʈʂʰən,er-chen
ㄦ-ㄔㄥ,-ɚ-ʈʂʰəŋ,er-cheng
ㄦ-ㄔㄡ,-ɚ-ʈʂʰɤu,er-chou
ㄦ-ㄔ-ㄎㄣ,-ɚ-ʈʂʰɨ̹-kʰən,er-chi-ken
ㄦ-ㄔㄜ-ㄒㄩㄥ,-ɚ-ʈʂʰɯʌ-ɕiʊŋ,er-che-xiong
ㄦ-ㄔㄨㄥ,-ɚ-ʈʂʰʊŋ,er-chong
ㄦ-ㄨㄥA,-ɚ-ʊŋ,er-wenga
ㄒㄩㄝ-ㄇㄧ,-ɛ-mi,xue-mi
ㄧㄝ-ㄇㄨ,-ɛ-mu,ye-mu
ㄌㄩㄝ-ㄇㄛ,-ɛ-muɔ,lue-mo
ㄐㄩㄝ-ㄇㄤ,-ɛ-mɑŋ,jue-mang
ㄑㄩㄝ-ㄇㄠ-ㄓㄢ,-ɛ-mɑʊ-ʈʂan,que-mao-zhan
ㄩㄝ-ㄇㄣ,-ɛ-mən,yue-men
ㄒㄩㄝ-ㄇㄡ-ㄓㄞ,-ɛ-mɤʊ-ʈʂaɪ,xue-mou-zhai
ㄧㄝ-ㄇㄜ-ㄒㄩ,-ɛ-mɯʌ-ɕy,ye-me-xu
ㄌㄩㄝ-ㄇㄥ,-ɛ-mʊŋ,lue-meng
ㄐㄩㄝ-ㄋㄚ,-ɛ-na,jue-na
ㄑㄩㄝ-ㄋㄢ,-ɛ-nan,que-nan
ㄩㄝ-ㄋㄞ,-ɛ-naɪ,yue-nai
ㄒㄩㄝ-ㄋㄟ,-ɛ-neɪ,xue-nei
ㄧㄝ-ㄋㄧ,-ɛ-ni,ye-ni
ㄌㄩㄝ-ㄋㄨ,-ɛ-nu,lue-nu
ㄐㄩㄝ-ㄋㄩ,-ɛ-ny,jue-nv
ㄑㄩㄝ-ㄋㄤ,-ɛ-nɑŋ,que-nang
ㄩㄝ-ㄋㄠ-ㄓㄟ,-ɛ-nɑʊ-ʈʂeɪ,yue-nao-zhei
ㄒㄩㄝ-ㄋㄣ,-ɛ-nən,xue-nen
ㄧㄝ-ㄋㄡ,-ɛ-nɤu,ye-nou
ㄌㄩㄝ-ㄋㄜ-ㄒㄩㄣ,-ɛ-nɯʌ-ɕyn,lue-ne-xun
ㄐㄩㄝ-ㄋㄨㄥ,-ɛ-nʊŋ,jue-nong
ㄑㄩㄝ-ㄅㄚ,-ɛ-pa,que-ba
ㄩㄝ-ㄅㄢ,-ɛ-pan,yue-ban
ㄒㄩㄝ-ㄅㄞ,-ɛ-paɪ,xue-bai
ㄧㄝ-ㄅㄟ,-ɛ-peɪ,ye-bei
ㄌㄩㄝ-ㄅㄧ,-ɛ-pi,lue-bi
ㄐㄩㄝ-ㄅㄨ,-ɛ-pu,jue-bu
ㄑㄩㄝ-ㄅㄛ,-ɛ-puɔ,que-bo
ㄩㄝ-ㄅㄤ,-ɛ-pɑŋ,yue-bang
ㄒㄩㄝ-ㄅㄠ-ㄓㄨ,-ɛ-pɑʊ-ʈʂu,xue-bao-zhu
ㄧㄝ-ㄅㄣ,-ɛ-pən,ye-ben
ㄌㄩㄝ-ㄅㄡ,-ɛ-pɤu,lue-bou
ㄐㄩㄝ-ㄅㄜ-ㄒㄩㄝ-ㄅㄥ,-ɛ-pɯʌ-ɕyɛ-pʊŋ,jue-be-xue-beng
ㄑㄩㄝ-ㄆㄚ,-ɛ-pʰa,que-pa
ㄩㄝ-ㄆㄢ,-ɛ-pʰan,yue-pan
ㄒㄩㄝ-ㄆㄞ,-ɛ-pʰaɪ,xue-pai
ㄧㄝ-ㄆㄟ,-ɛ-pʰeɪ,ye-pei
ㄌㄩㄝ-ㄆㄧ,-ɛ-pʰi,lue-pi
ㄐㄩㄝ-ㄆㄨ,-ɛ-pʰu,jue-pu
ㄑㄩㄝ-ㄆㄛ,-ɛ-pʰuɔ,que-po
ㄩㄝ-ㄆㄤ,-ɛ-pʰɑŋ,yue-pang
ㄒㄩㄝ-ㄆㄠ-ㄓㄚ,-ɛ-pʰɑʊ-ʈʂɑ,xue-pao-zha
ㄧㄝ-ㄆㄣ,-ɛ-pʰən,ye-pen
ㄌㄩㄝ-ㄆㄡ,-ɛ-pʰɤu,lue-pou
ㄐㄩㄝ-ㄆㄜ-ㄒㄩㄢ,-ɛ-pʰɯʌ-ɕyɛn,jue-pe-xuan
ㄑㄩㄝ-ㄆㄥ,-ɛ-pʰʊŋ,que-peng
ㄩㄝ-ㄙㄚ,-ɛ-sa,yue-sa
ㄒㄩㄝ-ㄙㄢ,-ɛ-san,xue-san
ㄧㄝ-ㄙㄞ,-ɛ-saɪ,ye-sai
ㄌㄩㄝ-ㄙㄨ,-ɛ-su,lue-su
ㄐㄩㄝ-ㄙㄤ,-ɛ-sɑŋ,jue-sang
ㄑㄩㄝ-ㄙㄠ-ㄓㄤ,-ɛ-sɑʊ-ʈʂɑŋ,que-sao-zhang
ㄩㄝ-ㄙㄣ,-ɛ-sən,yue-sen
ㄒㄩㄝ-ㄙㄥ,-ɛ-səŋ,xue-seng
ㄧㄝ-ㄙㄡ,-ɛ-sɤu,ye-sou
ㄌㄩㄝ-ㄙ-ㄎㄢ,-ɛ-sɨ-kʰan,lue-si-kan
ㄐㄩㄝ-ㄙㄜ-ㄣ,-ɛ-sɯʌ-ən,jue-se-en
ㄑㄩㄝ-ㄙㄨㄥ,-ɛ-sʊŋ,que-song
ㄩㄝ-ㄉㄚ,-ɛ-ta,yue-da
ㄒㄩㄝ-ㄉㄢ,-ɛ-tan,xue-dan
ㄧㄝ-ㄉㄞ,-ɛ-taɪ,ye-dai
ㄌㄩㄝ-ㄉㄟ,-ɛ-teɪ,lue-dei
ㄐㄩㄝ-ㄉㄧ,-ɛ-ti,jue-di
ㄑㄩㄝ-ㄗㄚ,-ɛ-tsa,que-za
ㄩㄝ-ㄗㄢ,-ɛ-tsan,yue-zan
ㄒㄩㄝ-ㄗㄞ,-ɛ-tsaɪ,xue-zai
ㄧㄝ-ㄗㄟ,-ɛ-tseɪ,ye-zei
ㄌㄩㄝ-ㄗㄨ,-ɛ-tsu,lue-zu
ㄐㄩㄝ-ㄗㄤ,-ɛ-tsɑŋ,jue-zang
ㄑㄩㄝ-ㄗㄠ-ㄓㄠ-ㄓㄣ,-ɛ-tsɑʊ-ʈʂɑʊ-ʈʂən,que-zao-zhao-zhen
ㄩㄝ-ㄗㄣ,-ɛ-tsən,yue-zen
ㄒㄩㄝ-ㄗㄥ,-ɛ-tsəŋ,xue-zeng
ㄧㄝ-ㄗㄡ,-ɛ-tsɤu,ye-zou
ㄌㄩㄝ-ㄗ-ㄎㄞ,-ɛ-tsɨ-kʰaɪ,lue-zi-kai
ㄐㄩㄝ-ㄗㄜ-ㄦ,-ɛ-tsɯʌ-ɚ,jue-ze-er
ㄑㄩㄝ-ㄗㄨㄥ,-ɛ-tsʊŋ,que-zong
ㄩㄝ-ㄘㄚ,-ɛ-tsʰa,yue-ca
ㄒㄩㄝ-ㄘㄢ,-ɛ-tsʰan,xue-can
ㄧㄝ-ㄘㄞ,-ɛ-tsʰaɪ,ye-cai
ㄌㄩㄝ-ㄘㄨ,-ɛ-tsʰu,lue-cu
ㄐㄩㄝ-ㄘㄤ,-ɛ-tsʰɑŋ,jue-cang
ㄑㄩㄝ-ㄘㄠ-ㄓㄥ,-ɛ-tsʰɑʊ-ʈʂəŋ,que-cao-zheng
ㄩㄝ-ㄘㄣ,-ɛ-tsʰən,yue-cen
ㄒㄩㄝ-ㄘㄥ,-ɛ-tsʰəŋ,xue-ceng
ㄧㄝ-ㄘㄡ,-ɛ-tsʰɤu,ye-cou
ㄌㄩㄝ-ㄘ-ㄎㄨ,-ɛ-tsʰɨ-kʰu,lue-ci-ku
ㄐㄩㄝ-ㄘㄜ-ㄡ,-ɛ-tsʰɯʌ-ɤu,jue-ce-ou
ㄑㄩㄝ-ㄘㄨㄥ,-ɛ-tsʰʊŋ,que-cong
ㄩㄝ-ㄉㄨ,-ɛ-tu,yue-du
ㄒㄩㄝ-ㄉㄤ,-ɛ-tɑŋ,xue-dang
ㄧㄝ-ㄉㄠ-ㄓㄡ,-ɛ-tɑʊ-ʈʂɤu,ye-dao-zhou
ㄌㄩㄝ-ㄐㄧ,-ɛ-tɕi,lue-ji
ㄐㄩㄝ-ㄐㄩㄥ,-ɛ-tɕiʊŋ,jue-jiong
ㄑㄩㄝ-ㄐㄩ,-ɛ-tɕy,que-ju
ㄩㄝ-ㄐㄩㄣ,-ɛ-tɕyn,yue-jun
ㄒㄩㄝ-ㄐㄩㄝ-ㄐㄩㄢ,-ɛ-tɕyɛ-tɕyɛn,xue-jue-juan
ㄧㄝ-ㄑㄧ,-ɛ-tɕʰi,ye-qi
ㄌㄩㄝ-ㄑㄩㄥ,-ɛ-tɕʰiʊŋ,lue-qiong
ㄐㄩㄝ-ㄑㄩ,-ɛ-tɕʰy,jue-qu
ㄑㄩㄝ-ㄑㄩㄣ,-ɛ-tɕʰyn,que-qun
ㄩㄝ-ㄑㄩㄝ-ㄑㄩㄢ,-ɛ-tɕʰyɛ-tɕʰyɛn,yue-que-quan
ㄒㄩㄝ-ㄉㄥ,-ɛ-təŋ,xue-deng
ㄧㄝ-ㄉㄡ,-ɛ-tɤu,ye-dou
ㄌㄩㄝ-ㄉㄜ-ㄧㄣ,-ɛ-tɯʌ-ɪn,lue-de-yin
ㄐㄩㄝ-ㄉㄨㄥ,-ɛ-tʊŋ,jue-dong
ㄑㄩㄝ-ㄊㄚ,-ɛ-tʰa,que-ta
ㄩㄝ-ㄊㄢ,-ɛ-tʰan,yue-tan
ㄒㄩㄝ-ㄊㄞ,-ɛ-tʰaɪ,xue-tai
ㄧㄝ-ㄊㄧ,-ɛ-tʰi,ye-ti
ㄌㄩㄝ-ㄊㄨ,-ɛ-tʰu,lue-tu
ㄐㄩㄝ-ㄊㄤ,-ɛ-tʰɑŋ,jue-tang
ㄑㄩㄝ-ㄊㄠ-ㄓ-ㄎㄥ,-ɛ-tʰɑʊ-ʈʂɨ̹-kʰəŋ,que-tao-zhi-keng
ㄩㄝ-ㄊㄥ,-ɛ-tʰəŋ,yue-teng
ㄒㄩㄝ-ㄊㄡ,-ɛ-tʰɤu,xue-tou
ㄧㄝ-ㄊㄜ-ㄜ-ㄖㄢ,-ɛ-tʰɯʌ-ɯʌ-ɹan,ye-te-e-ran
ㄌㄩㄝ-ㄊㄨㄥ,-ɛ-tʰʊŋ,lue-tong
ㄐㄩㄝ-ㄨ,-ɛ-u,jue-wu
ㄑㄩㄝ-ㄨㄚ,-ɛ-ua,que-wa
ㄩㄝ-ㄨㄢ,-ɛ-uan,yue-wan
ㄒㄩㄝ-ㄨㄞ,-ɛ-uaɪ,xue-wai
ㄧㄝ-ㄨㄟ,-ɛ-ueɪ,ye-wei
ㄌㄩㄝ-ㄨㄤ,-ɛ-uɑŋ,lue-wang
ㄐㄩㄝ-ㄨㄛ,-ɛ-uɔ,jue-wo
ㄑㄩㄝ-ㄨㄣ,-ɛ-uən,que-wen
ㄩㄝ-ㄨㄥ,-ɛ-uʊŋ,yue-weng
ㄒㄩㄝ-ㄏㄚ,-ɛ-xa,xue-ha
ㄧㄝ-ㄏㄢ,-ɛ-xan,ye-han
ㄌㄩㄝ-ㄏㄞ,-ɛ-xaɪ,lue-hai
ㄐㄩㄝ-ㄏㄟ,-ɛ-xeɪ,jue-hei
ㄑㄩㄝ-ㄏㄨ,-ɛ-xu,que-hu
ㄩㄝ-ㄏㄤ,-ɛ-xɑŋ,yue-hang
ㄒㄩㄝ-ㄏㄠ-ㄓㄜ-ㄖㄨ,-ɛ-xɑʊ-ʈʂɯʌ-ɹu,xue-hao-zhe-ru
ㄧㄝ-ㄏㄣ,-ɛ-xən,ye-hen
ㄌㄩㄝ-ㄏㄥ,-ɛ-xəŋ,lue-heng
ㄐㄩㄝ-ㄏㄡ,-ɛ-xɤu,jue-hou
ㄑㄩㄝ-ㄏㄜ-ㄖㄤ,-ɛ-xɯʌ-ɹɑŋ,que-he-rang
ㄩㄝ-ㄏㄨㄥ,-ɛ-xʊŋ,yue-hong
ㄒㄩㄝ-ㄩ,-ɛ-y,xue-yu
ㄧㄝ-ㄩㄣ,-ɛ-yn,ye-yun
ㄌㄩㄝ-ㄩㄝ-ㄩㄢ,-ɛ-yɛ-yɛn,lue-yue-yuan
ㄐㄩㄝ-ㄩㄥ,-ɛ-yʊŋ,jue-yong
ㄑㄩㄝ-ㄤ,-ɛ-ɑŋ,que-ang
ㄩㄝ-ㄠ-ㄓㄨㄥ,-ɛ-ɑʊ-ʈʂʊŋ,yue-ao-zhong
ㄒㄩㄝ-ㄛ,-ɛ-ɔ,xue-o
ㄧㄝ-ㄒㄧ,-ɛ-ɕi,ye-xi
ㄌㄩㄝ-ㄒㄩㄥ,-ɛ-ɕiʊŋ,lue-xiong
ㄐㄩㄝ-ㄒㄩ,-ɛ-ɕy,jue-xu
ㄑㄩㄝ-ㄒㄩㄣ,-ɛ-ɕyn,que-xun
ㄩㄝ-ㄒㄩㄝ-ㄒㄩㄢ,-ɛ-ɕyɛ-ɕyɛn,yue-xue-xuan
ㄒㄩㄝ-ㄣ,-ɛ-ən,xue-en
ㄧㄝ-ㄦ,-ɛ-ɚ,ye-er
ㄌㄩㄝ-ㄡ,-ɛ-ɤu,lue-ou
ㄐㄩㄝ-ㄧㄣ,-ɛ-ɪn,jue-yin
ㄑㄩㄝ-ㄜ-ㄖㄠ-ㄔㄚ,-ɛ-ɯʌ-ɹɑʊ-ʈʂʰa,que-e-rao-cha
ㄩㄝ-ㄖㄢ,-ɛ-ɹan,yue-ran
ㄒㄩㄝ-ㄖㄨ,-ɛ-ɹu,xue-ru
ㄧㄝ-ㄖㄤ,-ɛ-ɹɑŋ,ye-rang
ㄌㄩㄝ-ㄖㄠ-ㄔㄢ,-ɛ-ɹɑʊ-ʈʂʰan,lue-rao-chan
ㄐㄩㄝ-ㄖㄣ,-ɛ-ɹən,jue-ren
ㄑㄩㄝ-ㄖㄥ,-ɛ-ɹəŋ,que-reng
ㄩㄝ-ㄖㄡ,-ɛ-ɹɤu,yue-rou
ㄒㄩㄝ-ㄖ-ㄎㄡ,-ɛ-ɹɨ̹-kʰɤu,xue-ri-kou
ㄧㄝ-ㄖㄜ-ㄖㄣ,-ɛ-ɹɯʌ-ɹən,ye-re-ren
ㄌㄩㄝ-ㄖㄨㄥ,-ɛ-ɹʊŋ,lue-rong
ㄐㄩㄝ-ㄕㄚ,-ɛ-ʂa,jue-sha
ㄑㄩㄝ-ㄕㄢ,-ɛ-ʂan,que-shan
ㄩㄝ-ㄕㄞ,-ɛ-ʂaɪ,yue-shai
ㄒㄩㄝ-ㄕㄟ,-ɛ-ʂeɪ,xue-shei
ㄧㄝ-ㄕㄨ,-ɛ-ʂu,ye-shu
ㄌㄩㄝ-ㄕㄤ,-ɛ-ʂɑŋ,lue-shang
ㄐㄩㄝ-ㄕㄠ-ㄔㄞ,-ɛ-ʂɑʊ-ʈʂʰaɪ,jue-shao-chai
ㄑㄩㄝ-ㄕㄣ,-ɛ-ʂən,que-shen
ㄩㄝ-ㄕㄥ,-ɛ-ʂəŋ,yue-sheng
ㄒㄩㄝ-ㄕㄡ,-ɛ-ʂɤu,xue-shou
ㄧㄝ-ㄕ-ㄎㄜ-ㄖㄥ,-ɛ-ʂɨ̹-kʰɯʌ-ɹəŋ,ye-shi-ke-reng
ㄌㄩㄝ-ㄕㄜ-ㄖㄡ,-ɛ-ʂɯʌ-ɹɤu,lue-she-rou
ㄐㄩㄝ-ㄓㄢ,-ɛ-ʈʂan,jue-zhan
ㄑㄩㄝ-ㄓㄞ,-ɛ-ʈʂaɪ,que-zhai
ㄩㄝ-ㄓㄟ,-ɛ-ʈʂeɪ,yue-zhei
ㄒㄩㄝ-ㄓㄨ,-ɛ-ʈʂu,xue-zhu
ㄧㄝ-ㄓㄚ,-ɛ-ʈʂɑ,ye-zha
ㄌㄩㄝ-ㄓㄤ,-ɛ-ʈʂɑŋ,lue-zhang
ㄐㄩㄝ-ㄓㄠ-ㄔㄨ,-ɛ-ʈʂɑʊ-ʈʂʰu,jue-zhao-chu
ㄑㄩㄝ-ㄓㄣ,-ɛ-ʈʂən,que-zhen
ㄩㄝ-ㄓㄥ,-ɛ-ʈʂəŋ,yue-zheng
ㄒㄩㄝ-ㄓㄡ,-ɛ-ʈʂɤu,xue-zhou
ㄧㄝ-ㄓ-ㄎㄨㄥ,-ɛ-ʈʂɨ̹-kʰʊŋ,ye-zhi-kong
ㄌㄩㄝ-ㄓㄜ-ㄖ-ㄌㄚ,-ɛ-ʈʂɯʌ-ɹɨ̹-la,lue-zhe-ri-la
ㄐㄩㄝ-ㄓㄨㄥ,-ɛ-ʈʂʊŋ,jue-zhong
ㄑㄩㄝ-ㄔㄚ,-ɛ-ʈʂʰa,que-cha
ㄩㄝ-ㄔㄢ,-ɛ-ʈʂʰan,yue-chan
ㄒㄩㄝ-ㄔㄞ,-ɛ-ʈʂʰaɪ,xue-chai
ㄧㄝ-ㄔㄨ,-ɛ-ʈʂʰu,ye-chu
ㄌㄩㄝ-ㄔㄤ,-ɛ-ʈʂʰɑŋ,lue-chang
ㄐㄩㄝ-ㄔㄠ-ㄔㄤ,-ɛ-ʈʂʰɑʊ-ʈʂʰɑŋ,jue-chao-chang
ㄑㄩㄝ-ㄔㄣ,-ɛ-ʈʂʰən,que-chen
ㄩㄝ-ㄔㄥ,-ɛ-ʈʂʰəŋ,yue-cheng
ㄒㄩㄝ-ㄔㄡ,-ɛ-ʈʂʰɤu,xue-chou
ㄧㄝ-ㄔ-ㄌㄢ,-ɛ-ʈʂʰɨ̹-lan,ye-chi-lan
ㄌㄩㄝ-ㄔㄜ-ㄖㄜ-ㄖㄨㄥ,-ɛ-ʈʂʰɯʌ-ɹɯʌ-ɹʊŋ,lue-che-re-rong
ㄐㄩㄝ-ㄔㄨㄥ,-ɛ-ʈʂʰʊŋ,jue-chong
ㄑㄩㄝ-ㄨㄥA,-ɛ-ʊŋ,que-wenga
ㄗ-ㄎㄤ,-ɨ-kʰɑŋ,zi-kang
ㄘ-ㄎㄠ-ㄔㄠ-ㄔㄣ,-ɨ-kʰɑʊ-ʈʂʰɑʊ-ʈʂʰən,ci-kao-chao-chen
ㄙ-ㄎㄣ,-ɨ-kʰən,si-ken
ㄗ-ㄎㄥ,-ɨ-kʰəŋ,zi-keng
ㄘ-ㄎㄡ,-ɨ-kʰɤu,ci-kou
ㄙ-ㄎㄜ-ㄕㄚ,-ɨ-kʰɯʌ-ʂa,si-ke-sha
ㄗ-ㄎㄨㄥ,-ɨ-kʰʊŋ,zi-kong
ㄘ-ㄌㄚ,-ɨ-la,ci-la
ㄙ-ㄌㄢ,-ɨ-lan,si-lan
ㄗ-ㄌㄞ,-ɨ-laɪ,zi-lai
ㄘ-ㄌㄟ,-ɨ-leɪ,ci-lei
ㄙ-ㄌㄧ,-ɨ-li,si-li
ㄗ-ㄌㄨ,-ɨ-lu,zi-lu
ㄘ-ㄌㄩ,-ɨ-ly,ci-lv
ㄙ-ㄌㄩㄣ,-ɨ-lyn,si-lvn
ㄗ-ㄌㄩㄝ,-ɨ-lyɛ,zi-lue
ㄘ-ㄌㄩㄢ,-ɨ-lyɛn,ci-lvan
ㄙ-ㄌㄤ,-ɨ-lɑŋ,si-lang
ㄗ-ㄌㄠ-ㄔㄥ,-ɨ-lɑʊ-ʈʂʰəŋ,zi-lao-cheng
ㄘ-ㄌㄥ,-ɨ-ləŋ,ci-leng
ㄙ-ㄌㄡ,-ɨ-lɤu,si-lou
ㄗ-ㄌㄜ-ㄕㄢ,-ɨ-lɯʌ-ʂan,zi-le-shan
ㄘ-ㄌㄨㄥ,-ɨ-lʊŋ,ci-long
ㄙ-ㄇㄚ,-ɨ-ma,si-ma
ㄗ-ㄇㄢ,-ɨ-man,zi-man
ㄘ-ㄇㄞ,-ɨ-maɪ,ci-mai
ㄙ-ㄇㄟ,-ɨ-meɪ,si-mei
ㄗ-ㄇㄧ,-ɨ-mi,zi-mi
ㄘ-ㄇㄨ,-ɨ-mu,ci-mu
ㄙ-ㄇㄛ,-ɨ-muɔ,si-mo
ㄗ-ㄇㄤ,-ɨ-mɑŋ,zi-mang
ㄘ-ㄇㄠ-ㄔㄡ,-ɨ-mɑʊ-ʈʂʰɤu,ci-mao-chou
ㄙ-ㄇㄣ,-ɨ-mən,si-men
ㄗ-ㄇㄡ-ㄔ-ㄌㄞ,-ɨ-mɤʊ-ʈʂʰɨ̹-laɪ,zi-mou-chi-lai
ㄘ-ㄇㄜ-ㄕㄞ,-ɨ-mɯʌ-ʂaɪ,ci-me-shai
ㄙ-ㄇㄥ,-ɨ-mʊŋ,si-meng
ㄗ-ㄋㄚ,-ɨ-na,zi-na
ㄘ-ㄋㄢ,-ɨ-nan,ci-nan
ㄙ-ㄋㄞ,-ɨ-naɪ,si-nai
ㄗ-ㄋㄟ,-ɨ-neɪ,zi-nei
ㄘ-ㄋㄧ,-ɨ-ni,ci-ni
ㄙ-ㄋㄨ,-ɨ-nu,si-nu
ㄗ-ㄋㄩ,-ɨ-ny,zi-nv
ㄘ-ㄋㄤ,-ɨ-nɑŋ,ci-nang
ㄙ-ㄋㄠ-ㄔㄜ-ㄕㄟ,-ɨ-nɑʊ-ʈʂʰɯʌ-ʂeɪ,si-nao-che-shei
ㄗ-ㄋㄣ,-ɨ-nən,zi-nen
ㄘ-ㄋㄡ,-ɨ-nɤu,ci-nou
ㄙ-ㄋㄜ-ㄕㄨ,-ɨ-nɯʌ-ʂu,si-ne-shu
ㄗ-ㄋㄨㄥ,-ɨ-nʊŋ,zi-nong
ㄘ-ㄅㄚ,-ɨ-pa,ci-ba
ㄙ-ㄅㄢ,-ɨ-pan,si-ban
ㄗ-ㄅㄞ,-ɨ-paɪ,zi-bai
ㄘ-ㄅㄟ,-ɨ-peɪ,ci-bei
ㄙ-ㄅㄧ,-ɨ-pi,si-bi
ㄗ-ㄅㄨ,-ɨ-pu,zi-bu
ㄘ-ㄅㄛ,-ɨ-puɔ,ci-bo
ㄙ-ㄅㄤ,-ɨ-pɑŋ,si-bang
ㄗ-ㄅㄠ-ㄔㄨㄥ,-ɨ-pɑʊ-ʈʂʰʊŋ,zi-bao-chong
ㄘ-ㄅㄣ,-ɨ-pən,ci-ben
ㄙ-ㄅㄡ,-ɨ-pɤu,si-bou
ㄗ-ㄅㄜ-ㄕㄤ,-ɨ-pɯʌ-ʂɑŋ,zi-be-shang
ㄘ-ㄅㄥ,-ɨ-pʊŋ,ci-beng
ㄙ-ㄆㄚ,-ɨ-pʰa,si-pa
ㄗ-ㄆㄢ,-ɨ-pʰan,zi-pan
ㄘ-ㄆㄞ,-ɨ-pʰaɪ,ci-pai
ㄙ-ㄆㄟ,-ɨ-pʰeɪ,si-pei
ㄗ-ㄆㄧ,-ɨ-pʰi,zi-pi
ㄘ-ㄆㄨ,-ɨ-pʰu,ci-pu
ㄙ-ㄆㄛ,-ɨ-pʰuɔ,si-po
ㄗ-ㄆㄤ,-ɨ-pʰɑŋ,zi-pang
ㄘ-ㄆㄠ-ㄨㄥA,-ɨ-pʰɑʊ-ʊŋ,ci-pao-wenga
ㄙ-ㄆㄣ,-ɨ-pʰən,si-pen
ㄗ-ㄆㄡ,-ɨ-pʰɤu,zi-pou
ㄘ-ㄆㄜ-ㄕㄠ,-ɨ-pʰɯʌ-ʂɑʊ,ci-pe-shao
ㄙ-ㄆㄥ,-ɨ-pʰʊŋ,si-peng
ㄗ-ㄙㄚ,-ɨ-sa,zi-sa
ㄘ-ㄙㄢ,-ɨ-san,ci-san
ㄙ-ㄙㄞ,-ɨ-saɪ,si-sai
ㄗ-ㄙㄨ,-ɨ-su,zi-su
ㄘ-ㄙㄤ,-ɨ-sɑŋ,ci-sang
ㄙ-ㄙㄠ,-ɨ-sɑʊ,si-sao
ㄗ-ㄙㄣ,-ɨ-sən,zi-sen
ㄘ-ㄙㄥ,-ɨ-səŋ,ci-seng
ㄙ-ㄙㄡ,-ɨ-sɤu,si-sou
ㄗ-ㄙ-ㄙㄜ-ㄕㄣ,-ɨ-sɨ-sɯʌ-ʂən,zi-si-se-shen
ㄘ-ㄙㄨㄥ,-ɨ-sʊŋ,ci-song
ㄙ-ㄉㄚ,-ɨ-ta,si-da
ㄗ-ㄉㄢ,-ɨ-tan,zi-dan
ㄘ-ㄉㄞ,-ɨ-taɪ,ci-dai
ㄙ-ㄉㄟ,-ɨ-teɪ,si-dei
ㄗ-ㄉㄧ,-ɨ-ti,zi-di
ㄘ-ㄗㄚ,-ɨ-tsa,ci-za
ㄙ-ㄗㄢ,-ɨ-tsan,si-zan
ㄗ-ㄗㄞ,-ɨ-tsaɪ,zi-zai
ㄘ-ㄗㄟ,-ɨ-tseɪ,ci-zei
ㄙ-ㄗㄨ,-ɨ-tsu,si-zu
ㄗ-ㄗㄤ,-ɨ-tsɑŋ,zi-zang
ㄘ-ㄗㄠ,-ɨ-tsɑʊ,ci-zao
ㄙ-ㄗㄣ,-ɨ-tsən,si-zen
ㄗ-ㄗㄥ,-ɨ-tsəŋ,zi-zeng
ㄘ-ㄗㄡ,-ɨ-tsɤu,ci-zou
ㄙ-ㄗ-ㄗㄜ-ㄕㄥ,-ɨ-tsɨ-tsɯʌ-ʂəŋ,si-zi-ze-sheng
ㄗ-ㄗㄨㄥ,-ɨ-tsʊŋ,zi-zong
ㄘ-ㄘㄚ,-ɨ-tsʰa,ci-ca
ㄙ-ㄘㄢ,-ɨ-tsʰan,si-can
ㄗ-ㄘㄞ,-ɨ-tsʰaɪ,zi-cai
ㄘ-ㄘㄨ,-ɨ-tsʰu,ci-cu
ㄙ-ㄘㄤ,-ɨ-tsʰɑŋ,si-cang
ㄗ-ㄘㄠ,-ɨ-tsʰɑʊ,zi-cao
ㄘ-ㄘㄣ,-ɨ-tsʰən,ci-cen
ㄙ-ㄘㄥ,-ɨ-tsʰəŋ,si-ceng
ㄗ-ㄘㄡ,-ɨ-tsʰɤu,zi-cou
ㄘ-ㄘ-ㄘㄜ-ㄕㄡ,-ɨ-tsʰɨ-tsʰɯʌ-ʂɤu,ci-ci-ce-shou
ㄙ-ㄘㄨㄥ,-ɨ-tsʰʊŋ,si-cong
ㄗ-ㄉㄨ,-ɨ-tu,zi-du
ㄘ-ㄉㄤ,-ɨ-tɑŋ,ci-dang
ㄙ-ㄉㄠ,-ɨ-tɑʊ,si-dao
ㄗ-ㄐㄧ,-ɨ-tɕi,zi-ji
ㄘ-ㄐㄩㄥ,-ɨ-tɕiʊŋ,ci-jiong
ㄙ-ㄐㄩ,-ɨ-tɕy,si-ju
ㄗ-ㄐㄩㄣ,-ɨ-tɕyn,zi-jun
ㄘ-ㄐㄩㄝ,-ɨ-tɕyɛ,ci-jue
ㄙ-ㄐㄩㄢ,-ɨ-tɕyɛn,si-juan
ㄗ-ㄑㄧ,-ɨ-tɕʰi,zi-qi
ㄘ-ㄑㄩㄥ,-ɨ-tɕʰiʊŋ,ci-qiong
ㄙ-ㄑㄩ,-ɨ-tɕʰy,si-qu
ㄗ-ㄑㄩㄣ,-ɨ-tɕʰyn,zi-qun
ㄘ-ㄑㄩㄝ,-ɨ-tɕʰyɛ,ci-que
ㄙ-ㄑㄩㄢ,-ɨ-tɕʰyɛn,si-quan
ㄗ-ㄉㄥ,-ɨ-təŋ,zi-deng
ㄘ-ㄉㄡ,-ɨ-tɤu,ci-dou
ㄙ-ㄉㄜ-ㄕ-ㄌㄟ,-ɨ-tɯʌ-ʂɨ̹-leɪ,si-de-shi-lei
ㄗ-ㄉㄨㄥ,-ɨ-tʊŋ,zi-dong
ㄘ-ㄊㄚ,-ɨ-tʰa,ci-ta
ㄙ-ㄊㄢ,-ɨ-tʰan,si-tan
ㄗ-ㄊㄞ,-ɨ-tʰaɪ,zi-tai
ㄘ-ㄊㄧ,-ɨ-tʰi,ci-ti
ㄙ-ㄊㄨ,-ɨ-tʰu,si-tu
ㄗ-ㄊㄤ,-ɨ-tʰɑŋ,zi-tang
ㄘ-ㄊㄠ,-ɨ-tʰɑʊ,ci-tao
ㄙ-ㄊㄥ,-ɨ-tʰəŋ,si-teng
ㄗ-ㄊㄡ,-ɨ-tʰɤu,zi-tou
ㄘ-ㄊㄜ-ㄕㄜ-ㄓㄢ,-ɨ-tʰɯʌ-ʂɯʌ-ʈʂan,ci-te-she-zhan
ㄙ-ㄊㄨㄥ,-ɨ-tʰʊŋ,si-tong
ㄗ-ㄨ,-ɨ-u,zi-wu
ㄘ-ㄨㄚ,-ɨ-ua,ci-wa
ㄙ-ㄨㄢ,-ɨ-uan,si-wan
ㄗ-ㄨㄞ,-ɨ-uaɪ,zi-wai
ㄘ-ㄨㄟ,-ɨ-ueɪ,ci-wei
ㄙ-ㄨㄤ,-ɨ-uɑŋ,si-wang
ㄗ-ㄨㄛ,-ɨ-uɔ,zi-wo
ㄘ-ㄨㄣ,-ɨ-uən,ci-wen
ㄙ-ㄨㄥ,-ɨ-uʊŋ,si-weng
ㄗ-ㄏㄚ,-ɨ-xa,zi-ha
ㄘ-ㄏㄢ,-ɨ-xan,ci-han
ㄙ-ㄏㄞ,-ɨ-xaɪ,si-hai
ㄗ-ㄏㄟ,-ɨ-xeɪ,zi-hei
ㄘ-ㄏㄨ,-ɨ-xu,ci-hu
ㄙ-ㄏㄤ,-ɨ-xɑŋ,si-hang
ㄗ-ㄏㄠ,-ɨ-xɑʊ,zi-hao
ㄘ-ㄏㄣ,-ɨ-xən,ci-hen
ㄙ-ㄏㄥ,-ɨ-xəŋ,si-heng
ㄗ-ㄏㄡ,-ɨ-xɤu,zi-hou
ㄘ-ㄏㄜ-ㄓㄞ,-ɨ-xɯʌ-ʈʂaɪ,ci-he-zhai
ㄙ-ㄏㄨㄥ,-ɨ-xʊŋ,si-hong
ㄗ-ㄩ,-ɨ-y,zi-yu
ㄘ-ㄩㄣ,-ɨ-yn,ci-yun
ㄙ-ㄩㄝ,-ɨ-yɛ,si-yue
ㄗ-ㄩㄢ,-ɨ-yɛn,zi-yuan
ㄘ-ㄩㄥ,-ɨ-yʊŋ,ci-yong
ㄙ-ㄤ,-ɨ-ɑŋ,si-ang
ㄗ-ㄠ,-ɨ-ɑʊ,zi-ao
ㄘ-ㄛ,-ɨ-ɔ,ci-o
ㄙ-ㄒㄧ,-ɨ-ɕi,si-xi
ㄗ-ㄒㄩㄥ,-ɨ-ɕiʊŋ,zi-xiong
ㄘ-ㄒㄩ,-ɨ-ɕy,ci-xu
ㄙ-ㄒㄩㄣ,-ɨ-ɕyn,si-xun
ㄗ-ㄒㄩㄝ,-ɨ-ɕyɛ,zi-xue
ㄘ-ㄒㄩㄢ,-ɨ-ɕyɛn,ci-xuan
ㄙ-ㄣ,-ɨ-ən,si-en
ㄗ-ㄦ,-ɨ-ɚ,zi-er
ㄘ-ㄡ,-ɨ-ɤu,ci-ou
ㄙ-ㄧㄣ,-ɨ-ɪn,si-yin
ㄗ-ㄜ-ㄓㄟ,-ɨ-ɯʌ-ʈʂeɪ,zi-e-zhei
ㄘ-ㄖㄢ,-ɨ-ɹan,ci-ran
ㄙ-ㄖㄨ,-ɨ-ɹu,si-ru
ㄗ-ㄖㄤ,-ɨ-ɹɑŋ,zi-rang
ㄘ-ㄖㄠ,-ɨ-ɹɑʊ,ci-rao
ㄙ-ㄖㄣ,-ɨ-ɹən,si-ren
ㄗ-ㄖㄥ,-ɨ-ɹəŋ,zi-reng
ㄘ-ㄖㄡ,-ɨ-ɹɤu,ci-rou
ㄙ-ㄖ-ㄌㄧ,-ɨ-ɹɨ̹-li,si-ri-li
ㄗ-ㄖㄜ-ㄓㄨ,-ɨ-ɹɯʌ-ʈʂu,zi-re-zhu
ㄘ-ㄖㄨㄥ,-ɨ-ɹʊŋ,ci-rong
ㄙ-ㄕㄚ,-ɨ-ʂa,si-sha
ㄗ-ㄕㄢ,-ɨ-ʂan,zi-shan
ㄘ-ㄕㄞ,-ɨ-ʂaɪ,ci-shai
ㄙ-ㄕㄟ,-ɨ-ʂeɪ,si-shei
ㄗ-ㄕㄨ,-ɨ-ʂu,zi-shu
ㄘ-ㄕㄤ,-ɨ-ʂɑŋ,ci-shang
ㄙ-ㄕㄠ,-ɨ-ʂɑʊ,si-shao
ㄗ-ㄕㄣ,-ɨ-ʂən,zi-shen
ㄘ-ㄕㄥ,-ɨ-ʂəŋ,ci-sheng
ㄙ-ㄕㄡ,-ɨ-ʂɤu,si-shou
ㄗ-ㄕ-ㄌㄨ,-ɨ-ʂɨ̹-lu,zi-shi-lu
ㄘ-ㄕㄜ-ㄓㄚ,-ɨ-ʂɯʌ-ʈʂɑ,ci-she-zha
ㄙ-ㄓㄢ,-ɨ-ʈʂan,si-zhan
ㄗ-ㄓㄞ,-ɨ-ʈʂaɪ,zi-zhai
ㄘ-ㄓㄟ,-ɨ-ʈʂeɪ,ci-zhei
ㄙ-ㄓㄨ,-ɨ-ʈʂu,si-zhu
ㄗ-ㄓㄚ,-ɨ-ʈʂɑ,zi-zha
ㄘ-ㄓㄤ,-ɨ-ʈʂɑŋ,ci-zhang
ㄙ-ㄓㄠ,-ɨ-ʈʂɑʊ,si-zhao
ㄗ-ㄓㄣ,-ɨ-ʈʂən,zi-zhen
ㄘ-ㄓㄥ,-ɨ-ʈʂəŋ,ci-zheng
ㄙ-ㄓㄡ,-ɨ-ʈʂɤu,si-zhou
ㄗ-ㄓ-ㄌㄩ,-ɨ-ʈʂɨ̹-ly,zi-zhi-lv
ㄘ-ㄓㄜ-ㄓㄤ,-ɨ-ʈʂɯʌ-ʈʂɑŋ,ci-zhe-zhang
ㄙ-ㄓㄨㄥ,-ɨ-ʈʂʊŋ,si-zhong
ㄗ-ㄔㄚ,-ɨ-ʈʂʰa,zi-cha
ㄘ-ㄔㄢ,-ɨ-ʈʂʰan,ci-chan
ㄙ-ㄔㄞ,-ɨ-ʈʂʰaɪ,si-chai
ㄗ-ㄔㄨ,-ɨ-ʈʂʰu,zi-chu
ㄘ-ㄔㄤ,-ɨ-ʈʂʰɑŋ,ci-chang
ㄙ-ㄔㄠ,-ɨ-ʈʂʰɑʊ,si-chao
ㄗ-ㄔㄣ,-ɨ-ʈʂʰən,zi-chen
ㄘ-ㄔㄥ,-ɨ-ʈʂʰəŋ,ci-cheng
ㄙ-ㄔㄡ,-ɨ-ʈʂʰɤu,si-chou
ㄗ-ㄔ-ㄌㄩㄣ,-ɨ-ʈʂʰɨ̹-lyn,zi-chi-lvn
ㄘ-ㄔㄜ-ㄓㄠ,-ɨ-ʈʂʰɯʌ-ʈʂɑʊ,ci-che-zhao
ㄙ-ㄔㄨㄥ,-ɨ-ʈʂʰʊŋ,si-chong
ㄗ-ㄨㄥA,-ɨ-ʊŋ,zi-wenga
ㄖ-ㄌㄩㄝ,-ɨ̹-lyɛ,ri-lue
ㄕ-ㄌㄩㄢ,-ɨ̹-lyɛn,shi-lvan
ㄓ-ㄌㄤ,-ɨ̹-lɑŋ,zhi-lang
ㄔ-ㄌㄠ,-ɨ̹-lɑʊ,chi-lao
ㄖ-ㄌㄥ,-ɨ̹-ləŋ,ri-leng
ㄕ-ㄌㄡ,-ɨ̹-lɤu,shi-lou
ㄓ-ㄌㄜ-ㄓㄣ,-ɨ̹-lɯʌ-ʈʂən,zhi-le-zhen
ㄔ-ㄌㄨㄥ,-ɨ̹-lʊŋ,chi-long
ㄖ-ㄇㄚ,-ɨ̹-ma,ri-ma
ㄕ-ㄇㄢ,-ɨ̹-man,shi-man
ㄓ-ㄇㄞ,-ɨ̹-maɪ,zhi-mai
ㄔ-ㄇㄟ,-ɨ̹-meɪ,chi-mei
ㄖ-ㄇㄧ,-ɨ̹-mi,ri-mi
ㄕ-ㄇㄨ,-ɨ̹-mu,shi-mu
ㄓ-ㄇㄛ,-ɨ̹-muɔ,zhi-mo
ㄔ-ㄇㄤ,-ɨ̹-mɑŋ,chi-mang
ㄖ-ㄇㄠ,-ɨ̹-mɑʊ,ri-mao
ㄕ-ㄇㄣ,-ɨ̹-mən,shi-men
ㄓ-ㄇㄡ,-ɨ̹-mɤʊ,zhi-mou
ㄔ-ㄇㄜ-ㄓㄥ,-ɨ̹-mɯʌ-ʈʂəŋ,chi-me-zheng
ㄖ-ㄇㄥ,-ɨ̹-mʊŋ,ri-meng
ㄕ-ㄋㄚ,-ɨ̹-na,shi-na
ㄓ-ㄋㄢ,-ɨ̹-nan,zhi-nan
ㄔ-ㄋㄞ,-ɨ̹-naɪ,chi-nai
ㄖ-ㄋㄟ,-ɨ̹-neɪ,ri-nei
ㄕ-ㄋㄧ,-ɨ̹-ni,shi-ni
ㄓ-ㄋㄨ,-ɨ̹-nu,zhi-nu
ㄔ-ㄋㄩ,-ɨ̹-ny,chi-nv
ㄖ-ㄋㄤ,-ɨ̹-nɑŋ,ri-nang
ㄕ-ㄋㄠ,-ɨ̹-nɑʊ,shi-nao
ㄓ-ㄋㄣ,-ɨ̹-nən,zhi-nen
ㄔ-ㄋㄡ,-ɨ̹-nɤu,chi-nou
ㄖ-ㄋㄜ-ㄓㄡ,-ɨ̹-nɯʌ-ʈʂɤu,ri-ne-zhou
ㄕ-ㄋㄨㄥ,-ɨ̹-nʊŋ,shi-nong
ㄓ-ㄅㄚ,-ɨ̹-pa,zhi-ba
ㄔ-ㄅㄢ,-ɨ̹-pan,chi-ban
ㄖ-ㄅㄞ,-ɨ̹-paɪ,ri-bai
ㄕ-ㄅㄟ,-ɨ̹-peɪ,shi-bei
ㄓ-ㄅㄧ,-ɨ̹-pi,zhi-bi
ㄔ-ㄅㄨ,-ɨ̹-pu,chi-bu
ㄖ-ㄅㄛ,-ɨ̹-puɔ,ri-bo
ㄕ-ㄅㄤ,-ɨ̹-pɑŋ,shi-bang
ㄓ-ㄅㄠ,-ɨ̹-pɑʊ,zhi-bao
ㄔ-ㄅㄣ,-ɨ̹-pən,chi-ben
ㄖ-ㄅㄡ,-ɨ̹-pɤu,ri-bou
ㄕ-ㄅㄜ-ㄓ-ㄅㄥ,-ɨ̹-pɯʌ-ʈʂɨ̹-pʊŋ,shi-be-zhi-beng
ㄓ-ㄆㄚ,-ɨ̹-pʰa,zhi-pa
ㄔ-ㄆㄢ,-ɨ̹-pʰan,chi-pan
ㄖ-ㄆㄞ,-ɨ̹-pʰaɪ,ri-pai
ㄕ-ㄆㄟ,-ɨ̹-pʰeɪ,shi-pei
ㄓ-ㄆㄧ,-ɨ̹-pʰi,zhi-pi
ㄔ-ㄆㄨ,-ɨ̹-pʰu,chi-pu
ㄖ-ㄆㄛ,-ɨ̹-pʰuɔ,ri-po
ㄕ-ㄆㄤ,-ɨ̹-pʰɑŋ,shi-pang
ㄓ-ㄆㄠ,-ɨ̹-pʰɑʊ,zhi-pao
ㄔ-ㄆㄣ,-ɨ̹-pʰən,chi-pen
ㄖ-ㄆㄡ,-ɨ̹-pʰɤu,ri-pou
ㄕ-ㄆㄜ-ㄓㄜ-ㄓㄨㄥ,-ɨ̹-pʰɯʌ-ʈʂɯʌ-ʈʂʊŋ,shi-pe-zhe-zhong
ㄓ-ㄆㄥ,-ɨ̹-pʰʊŋ,zhi-peng
ㄔ-ㄙㄚ,-ɨ̹-sa,chi-sa
ㄖ-ㄙㄢ,-ɨ̹-san,ri-san
ㄕ-ㄙㄞ,-ɨ̹-saɪ,shi-sai
ㄓ-ㄙㄨ,-ɨ̹-su,zhi-su
ㄔ-ㄙㄤ,-ɨ̹-sɑŋ,chi-sang
ㄖ-ㄙㄠ,-ɨ̹-sɑʊ,ri-sao
ㄕ-ㄙㄣ,-ɨ̹-sən,shi-sen
ㄓ-ㄙㄥ,-ɨ̹-səŋ,zhi-seng
ㄔ-ㄙㄡ,-ɨ̹-sɤu,chi-sou
ㄖ-ㄙ,-ɨ̹-sɨ,ri-si
ㄕ-ㄙㄜ-ㄔㄚ,-ɨ̹-sɯʌ-ʈʂʰa,shi-se-cha
ㄓ-ㄙㄨㄥ,-ɨ̹-sʊŋ,zhi-song
ㄔ-ㄉㄚ,-ɨ̹-ta,chi-da
ㄖ-ㄉㄢ,-ɨ̹-tan,ri-dan
ㄕ-ㄉㄞ,-ɨ̹-taɪ,shi-dai
ㄓ-ㄉㄟ,-ɨ̹-teɪ,zhi-dei
ㄔ-ㄉㄧ,-ɨ̹-ti,chi-di
ㄖ-ㄗㄚ,-ɨ̹-tsa,ri-za
ㄕ-ㄗㄢ,-ɨ̹-tsan,shi-zan
ㄓ-ㄗㄞ,-ɨ̹-tsaɪ,zhi-zai
ㄔ-ㄗㄟ,-ɨ̹-tseɪ,chi-zei
ㄖ-ㄗㄨ,-ɨ̹-tsu,ri-zu
ㄕ-ㄗㄤ,-ɨ̹-tsɑŋ,shi-zang
ㄓ-ㄗㄠ,-ɨ̹-tsɑʊ,zhi-zao
ㄔ-ㄗㄣ,-ɨ̹-tsən,chi-zen
ㄖ-ㄗㄥ,-ɨ̹-tsəŋ,ri-zeng
ㄕ-ㄗㄡ,-ɨ̹-tsɤu,shi-zou
ㄓ-ㄗ,-ɨ̹-tsɨ,zhi-zi
ㄔ-ㄗㄜ-ㄔㄢ,-ɨ̹-tsɯʌ-ʈʂʰan,chi-ze-chan
ㄖ-ㄗㄨㄥ,-ɨ̹-tsʊŋ,ri-zong
ㄕ-ㄘㄚ,-ɨ̹-tsʰa,shi-ca
ㄓ-ㄘㄢ,-ɨ̹-tsʰan,zhi-can
ㄔ-ㄘㄞ,-ɨ̹-tsʰaɪ,chi-cai
ㄖ-ㄘㄨ,-ɨ̹-tsʰu,ri-cu
ㄕ-ㄘㄤ,-ɨ̹-tsʰɑŋ,shi-cang
ㄓ-ㄘㄠ,-ɨ̹-tsʰɑʊ,zhi-cao
ㄔ-ㄘㄣ,-ɨ̹-tsʰən,chi-cen
ㄖ-ㄘㄥ,-ɨ̹-tsʰəŋ,ri-ceng
ㄕ-ㄘㄡ,-ɨ̹-tsʰɤu,shi-cou
ㄓ-ㄘ,-ɨ̹-tsʰɨ,zhi-ci
ㄔ-ㄘㄜ-ㄔㄞ,-ɨ̹-tsʰɯʌ-ʈʂʰaɪ,chi-ce-chai
ㄖ-ㄘㄨㄥ,-ɨ̹-tsʰʊŋ,ri-cong
ㄕ-ㄉㄨ,-ɨ̹-tu,shi-du
ㄓ-ㄉㄤ,-ɨ̹-tɑŋ,zhi-dang
ㄔ-ㄉㄠ,-ɨ̹-tɑʊ,chi-dao
ㄖ-ㄐㄧ,-ɨ̹-tɕi,ri-ji
ㄕ-ㄐㄩㄥ,-ɨ̹-tɕiʊŋ,shi-jiong
ㄓ-ㄐㄩ,-ɨ̹-tɕy,zhi-ju
ㄔ-ㄐㄩㄣ,-ɨ̹-tɕyn,chi-jun
ㄖ-ㄐㄩㄝ,-ɨ̹-tɕyɛ,ri-jue
ㄕ-ㄐㄩㄢ,-ɨ̹-tɕyɛn,shi-juan
ㄓ-ㄑㄧ,-ɨ̹-tɕʰi,zhi-qi
ㄔ-ㄑㄩㄥ,-ɨ̹-tɕʰiʊŋ,chi-qiong
ㄖ-ㄑㄩ,-ɨ̹-tɕʰy,ri-qu
ㄕ-ㄑㄩㄣ,-ɨ̹-tɕʰyn,shi-qun
ㄓ-ㄑㄩㄝ,-ɨ̹-tɕʰyɛ,zhi-que
ㄔ-ㄑㄩㄢ,-ɨ̹-tɕʰyɛn,chi-quan
ㄖ-ㄉㄥ,-ɨ̹-təŋ,ri-deng
ㄕ-ㄉㄡ,-ɨ̹-tɤu,shi-dou
ㄓ-ㄉㄜ-ㄔㄨ,-ɨ̹-tɯʌ-ʈʂʰu,zhi-de-chu
ㄔ-ㄉㄨㄥ,-ɨ̹-tʊŋ,chi-dong
ㄖ-ㄊㄚ,-ɨ̹-tʰa,ri-ta
ㄕ-ㄊㄢ,-ɨ̹-tʰan,shi-tan
ㄓ-ㄊㄞ,-ɨ̹-tʰaɪ,zhi-tai
ㄔ-ㄊㄧ,-ɨ̹-tʰi,chi-ti
ㄖ-ㄊㄨ,-ɨ̹-tʰu,ri-tu
ㄕ-ㄊㄤ,-ɨ̹-tʰɑŋ,shi-tang
ㄓ-ㄊㄠ,-ɨ̹-tʰɑʊ,zhi-tao
ㄔ-ㄊㄥ,-ɨ̹-tʰəŋ,chi-teng
ㄖ-ㄊㄡ,-ɨ̹-tʰɤu,ri-tou
ㄕ-ㄊㄜ-ㄔㄤ,-ɨ̹-tʰɯʌ-ʈʂʰɑŋ,shi-te-chang
ㄓ-ㄊㄨㄥ,-ɨ̹-tʰʊŋ,zhi-tong
ㄔ-ㄨ,-ɨ̹-u,chi-wu
ㄖ-ㄨㄚ,-ɨ̹-ua,ri-wa
ㄕ-ㄨㄢ,-ɨ̹-uan,shi-wan
ㄓ-ㄨㄞ,-ɨ̹-uaɪ,zhi-wai
ㄔ-ㄨㄟ,-ɨ̹-ueɪ,chi-wei
ㄖ-ㄨㄤ,-ɨ̹-uɑŋ,ri-wang
ㄕ-ㄨㄛ,-ɨ̹-uɔ,shi-wo
ㄓ-ㄨㄣ,-ɨ̹-uən,zhi-wen
ㄔ-ㄨㄥ,-ɨ̹-uʊŋ,chi-weng
ㄖ-ㄏㄚ,-ɨ̹-xa,ri-ha
ㄕ-ㄏㄢ,-ɨ̹-xan,shi-han
ㄓ-ㄏㄞ,-ɨ̹-xaɪ,zhi-hai
ㄔ-ㄏㄟ,-ɨ̹-xeɪ,chi-hei
ㄖ-ㄏㄨ,-ɨ̹-xu,ri-hu
ㄕ-ㄏㄤ,-ɨ̹-xɑŋ,shi-hang
ㄓ-ㄏㄠ,-ɨ̹-xɑʊ,zhi-hao
ㄔ-ㄏㄣ,-ɨ̹-xən,chi-hen
ㄖ-ㄏㄥ,-ɨ̹-xəŋ,ri-heng
ㄕ-ㄏㄡ,-ɨ̹-xɤu,shi-hou
ㄓ-ㄏㄜ-ㄔㄠ,-ɨ̹-xɯʌ-ʈʂʰɑʊ,zhi-he-chao
ㄔ-ㄏㄨㄥ,-ɨ̹-xʊŋ,chi-hong
ㄖ-ㄩ,-ɨ̹-y,ri-yu
ㄕ-ㄩㄣ,-ɨ̹-yn,shi-yun
ㄓ-ㄩㄝ,-ɨ̹-yɛ,zhi-yue
ㄔ-ㄩㄢ,-ɨ̹-yɛn,chi-yuan
ㄖ-ㄩㄥ,-ɨ̹-yʊŋ,ri-yong
ㄕ-ㄤ,-ɨ̹-ɑŋ,shi-ang
ㄓ-ㄠ,-ɨ̹-ɑʊ,zhi-ao
ㄔ-ㄛ,-ɨ̹-ɔ,chi-o
ㄖ-ㄒㄧ,-ɨ̹-ɕi,ri-xi
ㄕ-ㄒㄩㄥ,-ɨ̹-ɕiʊŋ,shi-xiong
ㄓ-ㄒㄩ,-ɨ̹-ɕy,zhi-xu
ㄔ-ㄒㄩㄣ,-ɨ̹-ɕyn,chi-xun
ㄖ-ㄒㄩㄝ,-ɨ̹-ɕyɛ,ri-xue
ㄕ-ㄒㄩㄢ,-ɨ̹-ɕyɛn,shi-xuan
ㄓ-ㄣ,-ɨ̹-ən,zhi-en
ㄔ-ㄦ,-ɨ̹-ɚ,chi-er
ㄖ-ㄡ,-ɨ̹-ɤu,ri-ou
ㄕ-ㄧㄣ,-ɨ̹-ɪn,shi-yin
ㄓ-ㄜ-ㄔㄣ,-ɨ̹-ɯʌ-ʈʂʰən,zhi-e-chen
ㄔ-ㄖㄢ,-ɨ̹-ɹan,chi-ran
ㄖ-ㄖㄨ,-ɨ̹-ɹu,ri-ru
ㄕ-ㄖㄤ,-ɨ̹-ɹɑŋ,shi-rang
ㄓ-ㄖㄠ,-ɨ̹-ɹɑʊ,zhi-rao
ㄔ-ㄖㄣ,-ɨ̹-ɹən,chi-ren
ㄖ-ㄖㄥ,-ɨ̹-ɹəŋ,ri-reng
ㄕ-ㄖㄡ,-ɨ̹-ɹɤu,shi-rou
ㄓ-ㄖ-ㄖㄜ-ㄔㄥ,-ɨ̹-ɹɨ̹-ɹɯʌ-ʈʂʰəŋ,zhi-ri-re-cheng
ㄔ-ㄖㄨㄥ,-ɨ̹-ɹʊŋ,chi-rong
ㄖ-ㄕㄚ,-ɨ̹-ʂa,ri-sha
ㄕ-ㄕㄢ,-ɨ̹-ʂan,shi-shan
ㄓ-ㄕㄞ,-ɨ̹-ʂaɪ,zhi-shai
ㄔ-ㄕㄟ,-ɨ̹-ʂeɪ,chi-shei
ㄖ-ㄕㄨ,-ɨ̹-ʂu,ri-shu
ㄕ-ㄕㄤ,-ɨ̹-ʂɑŋ,shi-shang
ㄓ-ㄕㄠ,-ɨ̹-ʂɑʊ,zhi-shao
ㄔ-ㄕㄣ,-ɨ̹-ʂən,chi-shen
ㄖ-ㄕㄥ,-ɨ̹-ʂəŋ,ri-sheng
ㄕ-ㄕㄡ,-ɨ̹-ʂɤu,shi-shou
ㄓ-ㄕ-ㄕㄜ-ㄔㄡ,-ɨ̹-ʂɨ̹-ʂɯʌ-ʈʂʰɤu,zhi-shi-she-chou
ㄔ-ㄓㄢ,-ɨ̹-ʈʂan,chi-zhan
ㄖ-ㄓㄞ,-ɨ̹-ʈʂaɪ,ri-zhai
ㄕ-ㄓㄟ,-ɨ̹-ʈʂeɪ,shi-zhei
ㄓ-ㄓㄨ,-ɨ̹-ʈʂu,zhi-zhu
ㄔ-ㄓㄚ,-ɨ̹-ʈʂɑ,chi-zha
ㄖ-ㄓㄤ,-ɨ̹-ʈʂɑŋ,ri-zhang
ㄕ-ㄓㄠ,-ɨ̹-ʈʂɑʊ,shi-zhao
ㄓ-ㄓㄣ,-ɨ̹-ʈʂən,zhi-zhen
ㄔ-ㄓㄥ,-ɨ̹-ʈʂəŋ,chi-zheng
ㄖ-ㄓㄡ,-ɨ̹-ʈʂɤu,ri-zhou
ㄕ-ㄓ-ㄓㄜ-ㄔ-ㄓㄨㄥ,-ɨ̹-ʈʂɨ̹-ʈʂɯʌ-ʈʂʰɨ̹-ʈʂʊŋ,shi-zhi-zhe-chi-zhong
ㄓ-ㄔㄚ,-ɨ̹-ʈʂʰa,zhi-cha
ㄔ-ㄔㄢ,-ɨ̹-ʈʂʰan,chi-chan
ㄖ-ㄔㄞ,-ɨ̹-ʈʂʰaɪ,ri-chai
ㄕ-ㄔㄨ,-ɨ̹-ʈʂʰu,shi-chu
ㄓ-ㄔㄤ,-ɨ̹-ʈʂʰɑŋ,zhi-chang
ㄔ-ㄔㄠ,-ɨ̹-ʈʂʰɑʊ,chi-chao
ㄖ-ㄔㄣ,-ɨ̹-ʈʂʰən,ri-chen
ㄕ-ㄔㄥ,-ɨ̹-ʈʂʰəŋ,shi-cheng
ㄓ-ㄔㄡ,-ɨ̹-ʈʂʰɤu,zhi-chou
ㄔ-ㄔ-ㄔㄜ-ㄔㄜ-ㄔㄨㄥ,-ɨ̹-ʈʂʰɨ̹-ʈʂʰɯʌ-ʈʂʰɯʌ-ʈʂʰʊŋ,chi-chi-che-che-chong
ㄖ-ㄔㄨㄥ,-ɨ̹-ʈʂʰʊŋ,ri-chong
ㄕ-ㄨㄥA,-ɨ̹-ʊŋ,shi-wenga
ㄋㄜ-ㄨㄥA,-ʌ-ʊŋ,ne-wenga
ㄅㄛA,pɔ,boA
ㄅㄧㄝ,piɛ,bie
ㄅㄧㄥ,pɪŋ,bing
ㄅㄧㄢ,piɛn,bian
ㄅㄧㄚ,pia,bia
ㄅㄧㄠ,piaʊ,biao
ㄅㄧㄣ,pɪn,bin
ㄆㄛA,pʰɔ,poA
ㄆㄧㄝ,pʰiɛ,pie
ㄆㄧㄥ,pʰɪŋ,ping
ㄆㄧㄢ,pʰiɛn,pian
ㄆㄧㄠ,pʰiaʊ,piao
ㄆㄧㄣ,pʰɪn,pin
ㄆㄧㄚ,pʰia,pia
ㄇㄛA,mɔ,moA
ㄇㄧㄝ,miɛ,mie
ㄇㄧㄡ,miɤʊ,miu
ㄇㄧㄥ,mɪŋ,ming
ㄇㄧㄢ,miɛn,mian
ㄇㄧㄠ,miaʊ,miao
ㄇㄧㄣ,mɪn,min
ㄇㄧㄚ,mia,mia
ㄈㄛA,fuɔ,foA
ㄈㄧㄚ,fia,fia
ㄉㄨㄢ,tuan,duan
ㄉㄨㄛ,tuɔ,duo
ㄉㄨㄟ,tueɪ,dui
ㄉㄨㄣ,tuən,dun
ㄉㄧㄝ,tiɛ,die
ㄉㄧㄥ,tɪŋ,ding
ㄉㄧㄡ,tiɤu,diu
ㄉㄧㄢ,tiɛn,dian
ㄉㄧㄤ,tiɑŋ,diang
ㄉㄧㄠ,tiɑʊ,diao
ㄉㄧㄚ,tia,dia
ㄊㄨㄢ,tʰuan,tuan
ㄊㄨㄛ,tʰuɔ,tuo
ㄊㄨㄟ,tʰueɪ,tui
ㄊㄨㄣ,tʰuən,tun
ㄊㄧㄝ,tʰiɛ,tie
ㄊㄧㄥ,tʰɪŋ,ting
ㄊㄧㄢ,tʰiɛn,tian
ㄊㄧㄠ,tʰiɑʊ,tiao
ㄊㄧㄚ,tʰia,tia
ㄋㄨㄢ,nuan,nuan
ㄋㄨㄛ,nuɔ,nuo
ㄋㄨㄟ,nueɪ,nui
ㄋㄩㄝ,nyɛ,nue
ㄋㄧㄝ,niɛ,nie
ㄋㄧㄡ,niɤu,niu
ㄋㄧㄥ,nɪŋ,ning
ㄋㄧㄢ,niɛn,nian
ㄋㄧㄚ,nia,nia
ㄋㄧㄤ,niɑŋ,niang
ㄋㄧㄠ,niɑʊ,niao
ㄋㄧㄣ,nɪn,nin
ㄌㄨㄢ,luan,luan
ㄌㄨㄛ,luɔ,luo
ㄌㄨㄣ,luən,lun
ㄌㄧㄝ,liɛ,lie
ㄌㄧㄡ,liɤu,liu
ㄌㄧㄥ,lɪŋ,ling
ㄌㄧㄢ,liɛn,lian
ㄌㄧㄚ,lia,lia
ㄌㄧㄤ,liɑŋ,liang
ㄌㄧㄠ,liɑʊ,liao
ㄌㄧㄣ,lɪn,lin
ㄍㄨㄢ,kuan,guan
ㄍㄨㄚ,kua,gua
ㄍㄨㄞ,kuaɪ,guai
ㄍㄨㄤ,kuaŋ,guang
ㄍㄨㄛ,kuɔ,guo
ㄍㄨㄟ,kueɪ,gui
ㄍㄨㄣ,kuən,gun
ㄎㄨㄢ,kʰuan,kuan
ㄎㄨㄚ,kʰua,kua
ㄎㄨㄞ,kʰuaɪ,kuai
ㄎㄨㄤ,kʰuɑŋ,kuang
ㄎㄨㄛ,kʰuɔ,kuo
ㄎㄨㄟ,kʰueɪ,kui
ㄎㄨㄣ,kʰuən,kun
ㄏㄨㄢ,xuan,huan
ㄏㄨㄚ,xua,hua
ㄏㄨㄞ,xuaɪ,huai
ㄏㄨㄤ,xuɑŋ,huang
ㄏㄨㄛ,xuɔ,huo
ㄏㄨㄟ,xueɪ,hui
ㄏㄨㄣ,xuən,hun
ㄐㄧㄝ,tɕiɛ,jie
ㄐㄧㄡ,tɕiɤu,jiu
ㄐㄧㄥ,tɕɪŋ,jing
ㄐㄧㄢ,tɕiɛn,jian
ㄐㄧㄚ,tɕia,jia
ㄐㄧㄤ,tɕiɑŋ,jiang
ㄐㄧㄠ,tɕiɑʊ,jiao
ㄐㄧㄣ,tɕɪn,jin
ㄑㄧㄝ,tɕʰiɛ,qie
ㄑㄧㄡ,tɕʰiɤu,qiu
ㄑㄧㄥ,tɕʰɪŋ,qing
ㄑㄧㄢ,tɕʰiɛn,qian
ㄑㄧㄚ,tɕʰia,qia
ㄑㄧㄤ,tɕʰiɑŋ,qiang
ㄑㄧㄠ,tɕʰiɑʊ,qiao
ㄑㄧㄣ,tɕʰɪn,qin
ㄒㄧㄝ,ɕiɛ,xie
ㄒㄧㄡ,ɕiɔu,xiu
ㄒㄧㄥ,ɕɪŋ,xing
ㄒㄧㄢ,ɕiɛn,xian
ㄒㄧㄚ,ɕia,xia
ㄒㄧㄤ,ɕiɑŋ,xiang
ㄒㄧㄠ,ɕiɑʊ,xiao
ㄒㄧㄣ,ɕɪn,xin
ㄓㄨㄢ,ʈʂuan,zhuan
ㄓㄨㄚ,ʈʂua,zhua
ㄓㄨㄞ,ʈʂuaɪ,zhuai
ㄓㄨㄤ,ʈʂuɑŋ,zhuang
ㄓㄨㄛ,ʈʂuɔ,zhuo
ㄓㄨㄟ,ʈʂueɪ,zhui
ㄓㄨㄣ,ʈʂuən,zhun
ㄔㄨㄢ,ʈʂʰuan,chuan
ㄔㄨㄚ,ʈʂʰua,chua
ㄔㄨㄞ,ʈʂʰuaɪ,chuai
ㄔㄨㄤ,ʈʂʰuɑŋ,chuang
ㄔㄨㄛ,ʈʂʰuɔ,chuo
ㄔㄨㄟ,ʈʂʰueɪ,chui
ㄔㄨㄣ,ʈʂʰʊn,chun
ㄕㄨㄢ,ʂuan,shuan
ㄕㄨㄚ,ʂua,shua
ㄕㄨㄞ,ʂuaɪ,shuai
ㄕㄨㄤ,ʂuɑŋ,shuang
ㄕㄨㄛ,ʂuɔ,shuo
ㄕㄨㄟ,ʂueɪ,shui
ㄕㄨㄣ,ʂuən,shun
ㄖㄨㄢ,ɹuan,ruan
ㄖㄨㄛ,ɹuɔ,ruo
ㄖㄨㄟ,ɹueɪ,rui
ㄖㄨㄣ,ɹuən,run
ㄗㄨㄢ,tsuan,zuan
ㄗㄨㄛ,tsuɔ,zuo
ㄗㄨㄟ,tsueɪ,zui
ㄗㄨㄣ,tsuən,zun
ㄘㄨㄢ,tsʰuan,cuan
ㄘㄨㄛ,tsʰuɔ,cuo
ㄘㄨㄟ,tsʰueɪ,cui
ㄘㄨㄣ,tsʰuən,cun
ㄙㄨㄢ,suan,suan
ㄙㄨㄛ,suɔ,suo
ㄙㄨㄟ,sueɪ,sui
ㄙㄨㄣ,suən,sun
